# run_id	reserved_at_utc	lean_path	declaration_anchor
32226334352	2026-08-19T07:09:39Z	GroupApproximation/Sofic/AmalgamQuestionEndpoint.lean	manuscriptQuestionOne_negative_of_blockAmalgam
32230075273	2026-08-19T08:26:46Z	GroupApproximation/Sofic/LiteralNonMFEndpoint.lean	literal_mark_mem_manuscriptCoronaMFResidual
32234990209	2026-08-19T09:35:24Z	GroupApproximation/Sofic/ScalingFamilyEndpoint.lean	scaling_mark_mem_manuscriptCoronaMFResidual
32239674815	2026-08-19T09:56:22Z	GroupApproximation/Sofic/TraceSeparationEndpoint.lean	manuscriptTraceSeparation
32244393580	2026-08-19T10:48:20Z	GroupApproximation/Endpoint/ManuscriptStatements.lean	theoremA_exact
32248905000	2026-08-19T11:42:48Z	GroupApproximation/Sofic/CoronaImageNormalKazhdan.lean	manuscriptNormalKazhdanObstructionViaCoronaImage
32250579092	2026-08-19T12:02:51Z	GroupApproximation/Sofic/FiniteNormalAnyUniverse.lean	manuscriptFiniteNormalObstructionCriterion_anyUniverse
32256667129	2026-08-19T13:11:49Z	GroupApproximation/Sofic/LiteralFiniteDimensionalObstruction.lean	manuscriptFiniteDimensionalConsequences
32261291671	2026-08-19T13:59:40Z	GroupApproximation/Sofic/ManuscriptExactWrappers.lean	manuscriptCliffordConstruction
32264888363	2026-08-19T14:35:44Z	GroupApproximation/Sofic/ManuscriptExactWrappers.lean	manuscriptAbstractNormalKazhdanObstruction
32266795599	2026-08-19T14:54:46Z	GroupApproximation/Sofic/NormalKazhdanAnyUniverse.lean	manuscriptNormalKazhdanObstruction_anyUniverse
32272130576	2026-08-19T15:47:47Z	GroupApproximation/Analysis/MaximalCStarParagraphEndpoint.lean	manuscriptMaximalCStarStrictCompressionRemark
32277955046	2026-08-19T16:48:20Z	GroupApproximation/Algebra/ZariskiEnvelopeEndpoint.lean	manuscriptZariskiChainCondition
32283144135	2026-08-19T17:42:54Z	GroupApproximation/Sofic/CollapseUniverseScope.lean	manuscriptInvolutiveCollapse
32284907547	2026-08-19T18:01:14Z	GroupApproximation/Sofic/LiteralWitnessConsequences.lean	literalWitness_reducedGroupCStar_stablyFinite_nonMF
32290035540	2026-08-19T18:55:14Z	GroupApproximation/Analysis/CStarMinTensorInjective.lean	minTensorInclusion_injective
32294438304	2026-08-19T19:43:20Z	GroupApproximation/Analysis/ExactnessPermanence.lean	hasPropertyA_of_isLocallyFiniteGroup
32296195491	2026-08-19T20:01:28Z	GroupApproximation/Sofic/QuestionTwoReduction.lean	obstruction_vacuous_at_bot
32300390559	2026-08-19T20:47:22Z	GroupApproximation/Analysis/CStarSliceBound.lean	norm_gnsRep_sliceRight_le
32302643141	2026-08-19T21:28:18Z	GroupApproximation/Analysis/CStarMinTensorQuotient.lean	IsExactCStar
32305256865	2026-08-19T21:43:16Z	GroupApproximation/Analysis/CStarExactnessSliceReduction.lean	sliceLeftMin_mem_of_quotientMinTensorMap_eq_zero
32306852170	2026-08-19T22:02:29Z	GroupApproximation/Analysis/CStarSliceCompletion.lean	sliceRightMin
32310137867	2026-08-19T23:13:49Z	GroupApproximation/Analysis/CStarSliceLeft.lean	sliceLeftMin
32311584466	2026-08-19T23:18:31Z	GroupApproximation/Manuscript/NonMF/QuestionOneOpenness.lean	exists_reductionQuotient_with_all_three_configurations
32314137264	2026-08-19T23:39:35Z	GroupApproximation/Endpoint/NonMFImpact.lean	cyclicBase_exactModel_obstruction
32315579062	2026-08-20T00:00:53Z	GroupApproximation/PropertyTT/PaperStatements.lean	freeCharacteristicTwo_root_hasRelativeTT
32322608025	2026-08-20T01:53:23Z	GroupApproximation/Sofic/ActualCoronaMFRadical.lean	manuscriptCoronaMFInvisible_iff_actualCoronaMFInvisible
32327321101	2026-08-20T03:11:40Z	GroupApproximation/Sofic/BlockCliffordTowerSofic.lean	manuscriptResiduallyFiniteWindow
32330230435	2026-08-20T04:00:24Z	GroupApproximation/Sofic/CentralSignAnyUniverse.lean	manuscriptCentralSignCriterion_anyUniverse
32333625928	2026-08-20T05:04:43Z	GroupApproximation/Sofic/CliffordBSAmenableMF.lean	manuscriptSharpnessOfKazhdanHypothesis
32336969594	2026-08-20T05:48:14Z	GroupApproximation/Sofic/CliffordBSPrintedRoute.lean	manuscriptSharpnessPrintedRoute
32342562289	2026-08-20T07:10:16Z	GroupApproximation/Sofic/CliffordBSSixRelator.lean	manuscriptSixRelatorSameGroup
32346473982	2026-08-20T07:59:39Z	GroupApproximation/Analysis/GuentnerKaminkerEndpoint.lean	isRoeGramApproximable
32351417722	2026-08-20T09:05:22Z	GroupApproximation/Analysis/GuentnerKaminker.lean	hasPropertyA_of_compressionExceeds_half
32355976469	2026-08-20T09:51:31Z	GroupApproximation/Analysis/RoeSquareRoot.lean	exists_sqrt_mem
32360761306	2026-08-20T10:49:32Z	GroupApproximation/Sofic/CliffordQuotientMFUnconditional.lean	manuscriptSharpnessConclusionUnconditional
32365308576	2026-08-20T11:45:22Z	GroupApproximation/Sofic/CollapsePrintedCorollary.lean	manuscriptInvolutiveCollapse_printed
32367917189	2026-08-20T12:16:07Z	GroupApproximation/Sofic/ConjugationDatumAnyUniverse.lean	manuscriptMarkedKazhdanPattern_anyUniverse
32373262584	2026-08-20T13:16:16Z	GroupApproximation/Sofic/ContinuumFamilyCriterion.lean	manuscriptContinuumMultiplicity_of_separating
32377838322	2026-08-20T14:04:00Z	GroupApproximation/Sofic/ContinuumMultiplicity.lean	manuscriptContinuumMultiplicity
32383135153	2026-08-20T14:56:50Z	GroupApproximation/Sofic/LiteralSignFreeRadicalReduction.lean	manuscriptSignFreeRadicalReduction
32388472542	2026-08-20T15:50:34Z	GroupApproximation/Manuscript/NonMF/QuestionTwoRemainder.lean	manuscriptQuestionTwoGroupTheoreticRemainder
32394426855	2026-08-20T16:52:55Z	GroupApproximation/Sofic/DefectRadicalAnyUniverse.lean	manuscriptCompressionRadical_anyUniverse
32399521990	2026-08-20T17:47:36Z	GroupApproximation/Sofic/FaithfullyTracedCoordinateNoGo.lean	manuscriptFaithfullyTracedCoordinateNoGo
32406374171	2026-08-20T19:01:44Z	GroupApproximation/Sofic/FiveConditionInsufficiency.lean	manuscriptExistsSubsingletonQuotient
32410556685	2026-08-20T19:47:52Z	GroupApproximation/Sofic/IntertwinerKazhdanTransport.lean	manuscriptIntertwinerTransport
32416035537	2026-08-20T20:48:36Z	GroupApproximation/Sofic/InvolutionsAnyBase.lean	manuscriptFFRealizationTorsion
32420947283	2026-08-20T21:45:27Z	GroupApproximation/Sofic/KazhdanSignCriterion.lean	manuscriptCentralSignCriterion
32422862482	2026-08-20T22:08:55Z	GroupApproximation/Sofic/KazhdanTransportAnyUniverse.lean	manuscriptKazhdanTransport_anyUniverse
32425775692	2026-08-20T22:49:14Z	GroupApproximation/Sofic/LiteralBaseP13PropertyTBridge.lean	manuscriptBaseHasKazhdanPropertyT
32427584639	2026-08-20T23:11:55Z	GroupApproximation/Sofic/LiteralBlockNormalForm.lean	manuscriptFiniteLevelSiteOrbit
32429732002	2026-08-20T23:42:47Z	GroupApproximation/Sofic/LiteralMFQuotientControls.lean	manuscriptQuotientNonclosure
32430987825	2026-08-21T00:01:16Z	GroupApproximation/Sofic/LiteralNonMFPresentation.lean	manuscriptLiteralPresentation
32438188082	2026-08-21T01:59:17Z	GroupApproximation/Sofic/LiteralP13HodgeCertificate.lean	manuscriptP13Presentation
32442865368	2026-08-21T03:18:03Z	GroupApproximation/Sofic/LiteralProductMultiplicity.lean	manuscriptInfiniteMultiplicity_literal
32446805650	2026-08-21T04:24:35Z	GroupApproximation/Sofic/LiteralSoficSeparation.lean	markedGroup_mark_mem_manuscriptCoronaMFResidual_and_ne_one
32449984808	2026-08-21T05:17:46Z	GroupApproximation/Sofic/LiteralTheoremAPackage.lean	manuscriptTheoremA_package
32453798078	2026-08-21T06:18:00Z	GroupApproximation/Sofic/LiteralUniversalHorn.lean	manuscriptLiteralUniversalHorn
32458869986	2026-08-21T07:37:19Z	GroupApproximation/Sofic/MFRelationClosure.lean	manuscriptRelationClosure
32462699566	2026-08-21T08:20:43Z	GroupApproximation/Sofic/ManuscriptCentralSignCriterion.lean	cs_01_negative_corner
32467375260	2026-08-21T09:20:34Z	GroupApproximation/Sofic/ManuscriptClosedWrappers.lean	manuscriptProperIsometryNotUnit
32471602607	2026-08-21T10:13:37Z	GroupApproximation/Sofic/ManuscriptKazhdanTransport.lean	manuscriptKazhdanTransport_ultraproduct
32474456188	2026-08-21T10:51:07Z	GroupApproximation/Sofic/OmegaRouteManuscriptTransport.lean	tendsto_iff_sqrt_le
32478542595	2026-08-21T11:44:30Z	GroupApproximation/Sofic/PrintedCentralSignCriterion.lean	manuscriptCentralSignCriterionPrinted
32480965080	2026-08-21T12:15:20Z	GroupApproximation/Sofic/PrintedPreliminaryEstimates.lean	manuscriptPolarCorrectionEstimate
32485850477	2026-08-21T13:26:35Z	GroupApproximation/Sofic/PrintedReverseTransportRoute.lean	manuscriptKazhdanTransportStar
32489919875	2026-08-21T14:04:12Z	GroupApproximation/Sofic/ProductMultiplicity.lean	manuscriptInfiniteMultiplicity
32499703574	2026-08-21T15:50:22Z	GroupApproximation/Sofic/ProductMultiplicityRank.lean	manuscriptInfiniteMultiplicityRank
32505241187	2026-08-21T16:53:47Z	GroupApproximation/Sofic/ScaledKazhdanTransport.lean	manuscriptDimensionWeightRecovery
32509932461	2026-08-21T17:47:33Z	GroupApproximation/Sofic/ScalingFamilyRelatorCount.lean	manuscriptScalingFamilyPresentationCounts
32512468170	2026-08-21T18:17:36Z	GroupApproximation/Sofic/SimpleSoficEnvelopeUnconditional.lean	manuscript_simpleSoficEnvelope
32516350399	2026-08-21T19:02:26Z	GroupApproximation/Sofic/SoficByAmenablePermanence.lean	manuscriptSoficOfSoficKerOfAmenableQuotient
32519535728	2026-08-21T19:39:34Z	GroupApproximation/Sofic/SoficEnvelopeWitness.lean	manuscript_simpleSoficEnvelope
32521261021	2026-08-21T19:59:52Z	GroupApproximation/Sofic/StableLetterLEFRoute.lean	manuscriptEsoficPrintedRoute
32524953486	2026-08-21T20:43:22Z	GroupApproximation/Sofic/TensorPowerAnyUniverse.lean	manuscriptFixedTensorTransport_anyUniverse
32526608913	2026-08-21T21:03:32Z	GroupApproximation/Sofic/TensorPowerTransport.lean	manuscriptFixedTensorTransport
32529658946	2026-08-21T21:42:41Z	GroupApproximation/Sofic/TransportVariantsAnyUniverse.lean	manuscriptIntertwinerTransport_anyUniverse
32531136907	2026-08-21T22:01:46Z	GroupApproximation/Sofic/UltraproductIntertwinerTransport.lean	manuscriptUltraproductIntertwinerTransport
32534117552	2026-08-21T22:43:51Z	GroupApproximation/Sofic/UltraproductKazhdanProjection.lean	manuscript_eigenvalue_le_of_ne_one
32535394688	2026-08-21T23:03:04Z	GroupApproximation/Sofic/ChosenNonMFEndpoint.lean	lamp_commutes_vertex_generator
32537741206	2026-08-21T23:41:37Z	GroupApproximation/Sofic/CollapseTransportEndpoint.lean	le_of_sq_le_sq
32538907410	2026-08-22T00:01:22Z	GroupApproximation/Sofic/FullMFRadicalEndpoint.lean	exists_twoGenerated_finitelyPresented_torsionFree_kazhdan_fullMFRadical
32544646647	2026-08-22T01:52:27Z	GroupApproximation/Sofic/HullSuitabilityGeometry.lean	IsGeodesicSegment.dist_endpoints
32548163064	2026-08-22T03:09:11Z	GroupApproximation/Sofic/InvolutionCollapseEndpoint.lean	flatE_unflatE
32550397301	2026-08-22T03:58:17Z	GroupApproximation/Sofic/InvolutionCollapseEndpoint.lean	stage_transport_bound
32552798000	2026-08-22T04:57:38Z	GroupApproximation/Sofic/InvolutionCollapseEndpointPrep.lean	eventually_bVec_eq_zero_of_orbit_fixed
32555103056	2026-08-22T05:45:25Z	GroupApproximation/Sofic/LiteralSoficEndpoint.lean	splitHom_injective
32555918181	2026-08-22T06:03:25Z	GroupApproximation/Sofic/MFNonsoficDoubleEndpoint.lean	not_isSofic_freeLamp_of_centralizerNormalization
32558459053	2026-08-22T07:03:33Z	GroupApproximation/Sofic/SplitExtensionEndpoint.lean	not_isOperatorMF_wreath
32560537328	2026-08-22T07:48:38Z	GroupApproximation/Sofic/TorsionFreeNonMFEndpoint.lean	not_routingLemmaData_of_subsingleton_partner
32563272771	2026-08-22T08:49:27Z	GroupApproximation/KOne/PaperStatements.lean	diagUnit_mem_elementary
32565719003	2026-08-22T09:44:20Z	GroupApproximation/Criterion/ChainConditionCompression.lean	manuscriptChainConditionRigidity
32566525966	2026-08-22T10:02:15Z	GroupApproximation/Criterion/TensorInvariantRigidity.lean	manuscriptTensorInvariantRigidity
32568303624	2026-08-22T10:42:49Z	GroupApproximation/Endpoint/MainResults.lean	binaryLeavitt_finiteField_profile
32569111524	2026-08-22T11:00:55Z	GroupApproximation/Endpoint/Public.lean	for
32570739041	2026-08-22T11:36:59Z	GroupApproximation/Endpoint/QuotientNonclosure.lean	exists_residuallyFinite_group_with_nonsofic_quotient
32571752398	2026-08-22T11:59:47Z	GroupApproximation/Endpoint/SimultaneousStability.lean	simultaneousStabilitySeed_not_isMixedApproximable
32574624728	2026-08-22T13:02:51Z	GroupApproximation/Endpoint/StructuralProfile.lean	rankFour_exists_third_index
32576684394	2026-08-22T13:45:43Z	GroupApproximation/Analysis/FiniteBlockCoronaHilbert.lean	manuscript_blockFamily_finite
32577498300	2026-08-22T14:04:18Z	GroupApproximation/Analysis/LimitsTraceStandardForm.lean	manuscriptLimitsTraceStandardForm
32579388539	2026-08-22T14:41:28Z	GroupApproximation/Analysis/MaximalCStarAllUniverses.lean	manuscriptMaximalGroupCStarUniversalProperty
32580373761	2026-08-22T15:00:52Z	GroupApproximation/Analysis/MaximalCStarAnyUniverse.lean	manuscriptMaximalGroupCStarAnyUniverse
32582191547	2026-08-22T15:36:43Z	GroupApproximation/Analysis/MaximalCStarPrintedCompletion.lean	manuscriptPrintedMaximalGroupCStar
32583321830	2026-08-22T16:00:56Z	GroupApproximation/Analysis/MaximalGroupCStar.lean	manuscriptUniverseRelativeMaximalGroupCStar
32585507338	2026-08-22T16:42:51Z	GroupApproximation/Analysis/NuclearityAmenability.lean	manuscriptNotAmenableOfBaseEmbeds
32586460264	2026-08-22T17:01:36Z	GroupApproximation/Analysis/OmegaCoronaKazhdanProjection.lean	actCorona_manuscriptKazhdanProjection
32588292434	2026-08-22T17:37:58Z	GroupApproximation/Analysis/PrintedCornerAssembly.lean	manuscriptCompressionParagraph
32589372412	2026-08-22T17:59:40Z	GroupApproximation/Analysis/PrintedCornerCompression.lean	manuscriptCornerAsymptoticRepresentation
32591902271	2026-08-22T18:50:32Z	GroupApproximation/Sofic/ManuscriptSubgroupSpecializations.lean	manuscriptKazhdanTransportSubgroup
32594254700	2026-08-22T19:38:05Z	GroupApproximation/Analysis/PrintedCornerRelabelling.lean	manuscriptCoronaCornerRepresentationUnconditional
32595280425	2026-08-22T19:58:38Z	GroupApproximation/Analysis/PrintedFiniteDimensionalUses.lean	manuscriptFiniteDimensionalityNotReplaceable
32597423697	2026-08-22T20:42:14Z	GroupApproximation/Analysis/PrintedFiniteException.lean	manuscriptFiniteExceptionPatch
32598355237	2026-08-22T21:01:30Z	GroupApproximation/Analysis/ProperIsometryStrictOrder.lean	manuscriptProperIsometryStrictOrder
32600114367	2026-08-22T21:37:46Z	GroupApproximation/Analysis/StrictCompressionFromPrinted.lean	manuscriptMaximalCStarRemarkFromPrintedHypotheses
32601147018	2026-08-22T21:59:35Z	GroupApproximation/Analysis/VectorOmegaKazhdanGap.lean	manuscriptKazhdanSpectralGap_hOmega
32603086618	2026-08-22T22:40:56Z	GroupApproximation/Sofic/BespokeRouterConstruction.lean	injOn_pair
32604016123	2026-08-22T23:00:50Z	GroupApproximation/Sofic/ContainsSquareWitness.lean	witness_construction_hypotheses
32605669040	2026-08-22T23:36:55Z	GroupApproximation/Sofic/FiniteNormalCompressionObstruction.lean	compressionDefects_hsTrivial
32606653347	2026-08-22T23:59:15Z	GroupApproximation/Sofic/FiniteNormalCoronaObstruction.lean	finiteNormal_le_coronaMFResidual
32611769542	2026-08-23T02:01:33Z	GroupApproximation/Sofic/FreeProductRouterObstruction.lean	factorMap_bijective_of_surjective
32614949385	2026-08-23T03:17:14Z	GroupApproximation/Sofic/KazhdanCliffordConstruction.lean	baseEval_surjective
32616980504	2026-08-23T04:05:48Z	GroupApproximation/Sofic/KazhdanCliffordConstruction.lean	not_isOperatorMF
32618977723	2026-08-23T05:24:10Z	GroupApproximation/Sofic/KazhdanCliffordEpsilon.lean	kazhdanCliffordConstructionEps
32621197783	2026-08-23T05:54:01Z	GroupApproximation/Sofic/KunThomShulmanDoubleConstruction.lean	construction_unconditional
32622494513	2026-08-23T06:20:49Z	GroupApproximation/Sofic/LevelShiftObstruction.lean	levelShift_good_disjoint_top
32624678071	2026-08-23T07:25:59Z	GroupApproximation/Sofic/LiteralRelatorObstruction.lean	inv_mul_mem_normalClosure
32626540678	2026-08-23T08:06:00Z	GroupApproximation/Sofic/LiteralUniformObstruction.lean	literal_uniform_operatorNorm_obstruction
32629329031	2026-08-23T08:59:56Z	GroupApproximation/Sofic/NormalKazhdanCompressionObstruction.lean	not_isWeakMF_of_normalKazhdan_le_defect
32631841763	2026-08-23T09:55:57Z	GroupApproximation/Sofic/NormallyGeneratedMFObstruction.lean	hom_eq_one_of_map_eq_one_of_normalClosure_eq_top
32632650169	2026-08-23T10:05:49Z	GroupApproximation/Sofic/RealizationFromUniversalGroup.lean	construction_hypotheses
32634506379	2026-08-23T10:43:29Z	GroupApproximation/Sofic/ThompsonFObstruction.lean	conjugateTerm_succ
32635380804	2026-08-23T11:02:09Z	GroupApproximation/Sofic/UltraproductModelConstruction.lean	rowMat_rowVec
32637034414	2026-08-23T11:37:24Z	GroupApproximation/Sofic/UltraproductModelConstruction.lean	vec_linearMap_ext
32638092214	2026-08-23T11:59:48Z	GroupApproximation/Sofic/UltraproductModelConstructionAssembly.lean	dimWeight_nonneg
32641206713	2026-08-23T13:04:10Z	GroupApproximation/Sofic/WeightedUltraproductModelConstruction.lean	nonempty_weightedUltraproductAdjointModel
32643382102	2026-08-23T13:47:12Z	GroupApproximation/Sofic/OpToHSShadowResidual.lean	hasLogicalShadowKleeneEndpoint_of_bug
32644549493	2026-08-23T14:09:52Z	GroupApproximation/Sofic/WreathFinitePresentationObstruction.lean	exists_not_adj_of_finitely_many_orbits
32646240371	2026-08-23T14:42:52Z	GroupApproximation/Algebra/DyadicRationals.lean	manuscript_bs_affine_identification
32647230984	2026-08-23T15:01:43Z	GroupApproximation/Algebra/ZariskiDescendingChain.lean	manuscriptZariskiEnvelopeCompressionBlind
32649187530	2026-08-23T15:39:05Z	GroupApproximation/Analysis/CollapseDelormeEndpoint.lean	partialComplement_succ
32650269756	2026-08-23T16:00:04Z	GroupApproximation/Analysis/CollapseTransportEndpoint.lean	omegaRep_mul
32652596447	2026-08-23T16:44:48Z	GroupApproximation/Analysis/ExactnessGroupSideEndpoint.lean	ambient_hasPropertyA_of_vertical
32653606340	2026-08-23T17:03:58Z	GroupApproximation/Sofic/LiteralNonMFCoreEndpoint.lean	literal_mark_normMFInvisible
32655368424	2026-08-23T17:36:41Z	GroupApproximation/Analysis/PolarLiftingHypothesisFree.lean	signChange_endpoint0
32656507829	2026-08-23T17:58:23Z	GroupApproximation/Criterion/ClosedEnvelopeCompression.lean	manuscriptEnvelopeCompressionBlind
32659260539	2026-08-23T18:49:55Z	GroupApproximation/Sofic/ArithmeticSingleDefectEndpoint.lean	arithmeticMarkedCommutator_mem_defectNormal
32661817678	2026-08-23T19:37:58Z	GroupApproximation/Criterion/FiniteQuotientBlindness.lean	manuscriptCardinalityInvariantSize
32662929132	2026-08-23T19:58:54Z	GroupApproximation/Sofic/DoubleFiniteDimensionalRigidity.lean	to
32665168827	2026-08-23T20:41:40Z	GroupApproximation/Sofic/FiniteIndexRigidity.lean	ker_le_of_finiteIndex
32666155122	2026-08-23T21:00:56Z	GroupApproximation/Sofic/FreeLampRigidity.lean	adjointRep_mul_apply
32668070813	2026-08-23T21:37:47Z	GroupApproximation/Sofic/AmalgamMFTrace.lean	manuscriptExactRadical_of_isOperatorMF_symmetricDouble
32669150873	2026-08-23T21:59:08Z	GroupApproximation/Sofic/TerminalQuotientPresentation.lean	manuscriptExactRadical_of_terminalIdentification
32671269818	2026-08-23T22:40:25Z	GroupApproximation/Sofic/GreendlingerSharpRigidity.lean	eq_of_lam_common_prefix
32672275944	2026-08-23T23:00:17Z	GroupApproximation/Sofic/TerminalQuotientIso.lean	manuscriptExactRadical_of_symmetricDoubleMF
32674108204	2026-08-23T23:37:04Z	GroupApproximation/Sofic/SymmetricDoubleShulman.lean	manuscriptExactRadical_of_isMFTrace_symmetricDouble
32675188897	2026-08-23T23:59:09Z	GroupApproximation/Sofic/ArithmeticAmplifiedEndpoint.lean	markedCommutator_mapAmbient
32681521362	2026-08-24T01:59:21Z	GroupApproximation/Endpoint/MFRecognitionAudit.lean	as
32685957389	2026-08-24T03:18:11Z	GroupApproximation/Sofic/MatchingFoldObstruction.lean	fold_witness_matching_noncrossing
32690241251	2026-08-24T04:30:29Z	GroupApproximation/Analysis/ReducedGroupCStarMFObstruction.lean	reducedLeftRegular_mul
32693447435	2026-08-24T05:25:33Z	GroupApproximation/Sofic/ActionFormMoverEstimate.lean	inv_mem_stabilizer_union_movers
32697233406	2026-08-24T06:25:37Z	GroupApproximation/Sofic/AdjointMatrix.lean	rowVec_rowMat
32702919814	2026-08-24T07:45:35Z	GroupApproximation/Sofic/AdjointOperatorNormRequirement.lean	permMatrix_entry
32706646047	2026-08-24T08:30:48Z	GroupApproximation/Sofic/AlmostAutomorphism.lean	image_badArcs_inverseDefectEquiv
32711912615	2026-08-24T09:31:08Z	GroupApproximation/Sofic/AlmostAutomorphism.lean	crossingEdges_decide_mem
32716447923	2026-08-24T10:22:59Z	GroupApproximation/Sofic/AlmostAutomorphism.lean	isLEF_of_cluster_models
32720672991	2026-08-24T11:13:14Z	GroupApproximation/Sofic/AlternatingLampBohrResidual.lean	bohrResidual_le_lampRange
32723467879	2026-08-24T11:45:45Z	GroupApproximation/Sofic/AlternatingLampExactRadical.lean	alternating_commutator_eq_top
32726185668	2026-08-24T12:16:37Z	GroupApproximation/Sofic/AlternatingLampLiteralPackage.lean	sign_c5
32731915988	2026-08-24T13:19:05Z	GroupApproximation/Sofic/AlternatingLampVisibleQuotient.lean	vertical_isCDEOperatorMF
32738728532	2026-08-24T14:27:32Z	GroupApproximation/Sofic/AmenableActionSofic.lean	preservesFullMeasure_mulLeft
32744527749	2026-08-24T15:23:42Z	GroupApproximation/Sofic/AmplifiedBlockNorms.lean	l2_opNorm_monomialBlocks_le
32749879615	2026-08-24T16:17:15Z	GroupApproximation/Sofic/AntipodalRadicalCollision.lean	AsymptoticUnitaryRepresentation.antipodal_detects
32753967804	2026-08-24T17:04:56Z	GroupApproximation/Sofic/AntipodalTraceExtraction.lean	normTrace_unitary_conj
32758679976	2026-08-24T17:48:13Z	GroupApproximation/Sofic/ActiveCoreAlmostRepresentation.lean	chosenGeneratorWord_value
32765721140	2026-08-24T19:02:32Z	GroupApproximation/Sofic/ApproxInvolutionCorner.lean	hermitianPart_conjTranspose
32770070901	2026-08-24T19:46:53Z	GroupApproximation/Sofic/ApproxInvolutionCorner.lean	roundedInvolution_commute_map_vanishing
32772562210	2026-08-24T20:12:58Z	GroupApproximation/Sofic/AscendingHNNCosetActionSofic.lean	exists_common_level_finset
32776139137	2026-08-24T20:51:04Z	GroupApproximation/Sofic/AscendingHNNDiagonalOrbits.lean	right_eq_one_of_smul_ray_zero
32781170296	2026-08-24T21:45:50Z	GroupApproximation/Analysis/CoronaProjectionOrder.lean	manuscriptStableFinite
32783002701	2026-08-24T22:07:01Z	GroupApproximation/Kazhdan/AmenableKazhdanFinite.lean	manuscriptAmenableKazhdanSterility
32786234242	2026-08-24T22:46:45Z	GroupApproximation/Sofic/AscendingHNNDoubleCosets.lean	height_iotaVertical
32788103998	2026-08-24T23:10:45Z	GroupApproximation/Analysis/MaximalCStarKazhdanProjection.lean	manuscriptMaximalCStarKazhdanProjectionOrder
32790222787	2026-08-24T23:38:46Z	GroupApproximation/Sofic/AscendingHNNFolner.lean	right_tVertical_zpow
32791781457	2026-08-25T00:00:23Z	GroupApproximation/Sofic/AscendingHNNFullTelescopeRadical.lean	lampDiff_inv
32799281854	2026-08-25T01:54:17Z	GroupApproximation/Sofic/AscendingHNNIteratedCosetAction.lean	builds
32804356998	2026-08-25T03:14:07Z	GroupApproximation/Sofic/AscendingHNNNotKazhdan.lean	heightHom_surjective
32807438009	2026-08-25T04:03:14Z	GroupApproximation/Sofic/AscendingHNNProfiniteClosure.lean	finiteQuotient_level_mem_base
32810779148	2026-08-25T04:55:43Z	GroupApproximation/Sofic/AscendingHNNSeparableCosetAction.lean	isSoficAction_vertical_cosets_of_separable_base
32814349953	2026-08-25T05:49:53Z	GroupApproximation/Sofic/AscendingHNNSoficDescent.lean	compressedStabilizer_eq_of_conj
32820283628	2026-08-25T07:10:46Z	GroupApproximation/Sofic/AscendingHNNSplitExtension.lean	rightHom_inr_apply
32824376283	2026-08-25T08:00:52Z	GroupApproximation/Sofic/AscendingHNNStabilizer.lean	iotaVertical_range_smul_tSite
32829687919	2026-08-25T09:02:01Z	GroupApproximation/Sofic/AscendingHNNTelescopeRadical.lean	lampDiff_self
32834259973	2026-08-25T09:53:04Z	GroupApproximation/Sofic/AscendingHNNWreathSofic.lean	isSofic_vertical
32839280252	2026-08-25T10:51:32Z	GroupApproximation/Sofic/AscendingHNNWreathWitness.lean	mem_baseSub_iff
32843945274	2026-08-25T11:45:58Z	GroupApproximation/Sofic/Asymptotics.lean	eventually_pos
32846702483	2026-08-25T12:17:12Z	GroupApproximation/Sofic/AugmentationExtension.lean	reducedDifference_ne_zero
32852351077	2026-08-25T13:17:08Z	GroupApproximation/Sofic/AuxiliaryClassSeparation.lean	exists_auxiliary_witness_outside_of_separation
32857705307	2026-08-25T14:09:52Z	GroupApproximation/Sofic/AvatarMetricCheck.lean	length_le_of_runs_bounded
32863833782	2026-08-25T15:08:24Z	GroupApproximation/Sofic/AvatarMetricCheck.lean	reduceCyclically_eq_self
32869503061	2026-08-25T16:02:59Z	GroupApproximation/Sofic/AvatarRouterInstance.lean	avatarLength_le_srcAvatarWord
32875009653	2026-08-25T16:58:05Z	GroupApproximation/Sofic/AvatarRunBound.lean	infix_cons_cases
32879888351	2026-08-25T17:49:44Z	GroupApproximation/Sofic/AvatarWordFamily.lean	mem_wordSubgroup
32882919286	2026-08-25T18:18:23Z	GroupApproximation/Sofic/AvatarWordFamily.lean	pad_hom_padList
32888814735	2026-08-25T19:19:03Z	GroupApproximation/Sofic/AvatarWordFamily.lean	codeHigh_inj
32893064258	2026-08-25T20:03:32Z	GroupApproximation/Analysis/KOmegaHilbertSpaceEndpoint.lean	manuscriptKOmegaIsHilbertSpace
32897398730	2026-08-25T20:48:14Z	GroupApproximation/Sofic/AvatarWordFamily.lean	mk_partnerTieWord
32902675669	2026-08-25T21:45:56Z	GroupApproximation/Sofic/BareDefectSource.lean	core_defectNormal_eq
32904220317	2026-08-25T22:03:33Z	GroupApproximation/Sofic/BareDefectSource.lean	nonempty_bareRoutingData
32907773612	2026-08-25T22:47:34Z	GroupApproximation/Sofic/BassSerreHullGeometry.lean	graph_dist_smul
32909672642	2026-08-25T23:12:30Z	GroupApproximation/Sofic/BassSerreHullGeometry.lean	isAcylindrical
32911791308	2026-08-25T23:40:50Z	GroupApproximation/Sofic/BespokeRouterGateAssembly.lean	metricSmallCancellation_mono
32913268136	2026-08-26T00:01:18Z	GroupApproximation/Sofic/BlockAmplificationRepair.lean	norm_blockListMap_sub_one_ge_of_mem
32921056665	2026-08-26T02:00:32Z	GroupApproximation/Sofic/BlockCliffordIndex.lean	sign_sq
32926019471	2026-08-26T03:20:08Z	GroupApproximation/Sofic/BlockCliffordLamp.lean	sset_one
32930125237	2026-08-26T04:25:24Z	GroupApproximation/Sofic/BlockCliffordLamp.lean	blockPerm_property
32933469603	2026-08-26T05:19:40Z	GroupApproximation/Sofic/BlockCliffordTowerSofic.lean	finite_range_of_factors
32937613099	2026-08-26T06:19:38Z	GroupApproximation/Sofic/BlockInfix.lean	infix_of_forall_ne_left
32943334226	2026-08-26T07:46:27Z	GroupApproximation/Sofic/BlockingFamilyRadical.lean	exists_mem_actualCoronaMFResidual
