1789272655	11936	gk/lanes/w7-marker-nonlinear/artifact-tip.md	4ebd170f2b132abd501a43cc16b452024a68302b
1789272646	472	gk/lanes/w7-marker-nonlinear/msg-2.txt	bd12551b1ee314453ee997361bae709f7965fa16
1789272625	73863	gk/lanes/w3-strategist-gate/plan.md	7fd2ec495afd0410a7aa5be0d34f5715379f5925
1789272593	822	gk/lanes/w3-strategist-gate/msg17.txt	9e9f9047066a23be2f91bdfac55b92133732fac3
1789272538	31301	gk/lanes/w3-strategist-gate/synthesis.md	e66b29537e6528056dfd64417c6981280c7b60f0
1789272466	793	gk/lanes/w6-upg-separate/land2.log	58b1beff1aaeb6aba057afeb0c5b6c75dc9a3807
1789272429	642	gk/lanes/w6-upg-separate/dry2.log	02fa2b3e561e738c035c3d0c6a5ac9d71769b963
1789272418	23078	gk/lanes/w3-strategist-gate/monitor-seen.txt	3c7363c4cb51b99c4e85b698598a2ee7d08cde8a
1789272377	104	gk/lanes/w3-vf-linear/acks347.txt	9df96ab318b89c992eb443fc61e71385b70ea720
1789272367	815	gk/lanes/w3-vf-linear/msg-347.txt	d32a4cbd865ba1247664885624b368b723547720
1789272363	2340	gk/lanes/w3-vf-linear/sec34c.md	fb7b58d3579e602c6da46cef6430b774fcb3b53b
1789272299	56575	gk/RULES.md	67f3d3f1e3fc6e9688913708c6a43e3dd6374d88
1789272252	1376	gk/lanes/w7-vf-nonlinear/msg-land1.txt	6c55dd01dc462330627459a83d7629638f13ca4b
1789272241	395	gk/lanes/w6-upg-separate/msg2.txt	24a2997c77ac893ced61a1133817c4763ee81302
1789272215	18936	gk/lanes/w6-upg-separate/artifact.origin.md	0116f471c950481d828f2e74cd78c32842f231a0
1789272215	3211	gk/lanes/w6-upg-separate/claim-matrix-states.origin.md	7225a88f9f579a88d11f39d2aa664e70db143249
1789272213	951	gk/lanes/gk-cairn-steward/run22.sh	59666e404bab68511d92245b377ed182f69ba4ba
1789272195	798	gk/lanes/w7-vf-nonlinear/parent-edits.diff	b9aca5db859842208bed8cec7e7defe6dcecf36c
1789272170	5854	gk/lanes/w7-vf-nonlinear/old-parent.md	0e05b655f992c7ba44bccfb390171b0e141e4972
1789272168	6862	gk/lanes/w7-vf-nonlinear/origin-parent.md	ea2530868316296425f4a1d4f15a76fa47b66da1
1789272153	3173	gk/lanes/gk-cairn-steward/orph2.sh	02d0d6bbd99bd9f0254430592a08b7224dcbf474
1789272153	10495	gk/lanes/gk-cairn-steward/region-ids.txt	ddcbf43f494e6cf569f98db2a67c17a43d0dd26f
1789272130	1163	gk/lanes/w7-v-gate-c3/msg-2.txt	0a17301332eddfd91e96c8586a7f4a34abc0cb6c
1789272126	12305	gk/lanes/w7-v-gate-c3/gate-v3.md	a0c1a5b2f85411649f1b9c3aba74bac13669aa6f
1789271925	1375	gk/lanes/gk-cairn-steward/orph.sh	77b33b8ba205dc79fdb3d11b2c79176c84526e6a
1789271892	6862	gk/lanes/w7-two-patch-census/merged-reduction.md	ea2530868316296425f4a1d4f15a76fa47b66da1
1789271885	1679	gk/lanes/w7-two-patch-census/msg-2.txt	b3e9d70985598ea4a53ddc579e38d98d132548ad
1789271875	13909	gk/lanes/w7-v-gate-c3/art-v2.md	fe0a327bf918ac607794638efaf78ee81364cd17
1789271832	474	gk/lanes/gk-cairn-steward/msg-34.txt	a3c269f15ec31092a4b1976555bcf3c40fda2fa3
1789271828	5874	gk/lanes/w7-vf-nonlinear/node-two-patch-ternary-rules-reduce-to-linear-strictness.md	445839297fa2c4ebbdd77e81b4c772b054fd52ff
1789271806	11758	gk/lanes/w3-vf-linear/routes34/thompson-v-ternary-rank-functions-are-augmentation.md	c3c204b9ac5cf70432af3909976e5cb70715dad0
1789271759	209	gk/lanes/w3-vf-linear/acks34.txt	e40a87775878e25938698b882313977006fcf2aa
1789271754	1039	gk/lanes/w3-vf-linear/msg-34.txt	8ae55f0beaf2b95106660f56f3771d686430902c
1789271751	1148	gk/lanes/w7-sub-multiletter/msg-2.txt	4aad8bd63ecc9d5170ec7873a28408b1488e69a6
1789271750	1822	gk/lanes/w3-vf-linear/sec34b.md	b3d1b0f827591d3c7b5481b1e67da40b0c0a0611
1789271738	8768	gk/lanes/w3-vf-linear/sec34.md	c9d26abcd6d2abc244484752823305ce17647ce8
1789271712	19842	gk/lanes/w7-sub-multiletter/sub-claim-tip2.md	1f337f9142913d08ec8a03e762d8beee5bf0be02
1789271563	52693	gk/lanes/gk-cairn-steward/goal-poll.md	ede226d7925b2dc0d0ef3feaa1fa1bcf8860c0c9
1789271525	1476	gk/lanes/w7-gamma-b/msg-1.txt	dbc8ff4a982e2ae37fe5073257e19d3dee1a3ab9
1789271516	21598	gk/lanes/w7-gamma-b/crux.md	3482133b6590dfef01372a7f6b7ebc1c3a8614b8
1789271427	537	gk/lanes/w7-hnn-cocycle/msg2.txt	eb2df2ee7b0accf49e09a5dbbfa52b0a20faf06f
1789271407	1242	gk/lanes/w7-coset-shared-prime/msg-1.txt	6004aa88684552b1add952433e4dd3733beff658
1789271401	11303	gk/lanes/w7-v-cycle-c3/post3-thompson-v-ternary-rank-functions-are-augmentation.md	72c1748c7eba06c51c712b80b327d6e3ce00e17d
1789271400	5972	gk/lanes/w7-v-cycle-c3/post3-p-cycle-tree-invariance-cannot-force-order-char-law.md	8f47a98d210d651b42fe7ac93ccd1c663d7e7d68
1789271398	2084	gk/lanes/w7-v-cycle-c3/land3.log	d67a42bb367cf4960c50ab086539e4320a3e1f6b
1789271385	1418	gk/lanes/w7-wdw-fullness/msg-1.txt	4fbc45f32f6f0c76e442b3d72e12fef5cb4b9500
1789271377	1177	gk/lanes/w7-v-cycle-c3/dry3.log	2af65ed70100d91608d9d1a718b21149cacdd31e
1789271368	1340	gk/lanes/w7-hnn-cocycle/msg.txt	a463b5b91b9055f1f0a9a00f10a0781306cd0d7c
1789271354	5854	gk/lanes/w7-two-patch-census/live-reduction-now.md	0e05b655f992c7ba44bccfb390171b0e141e4972
1789271350	569	gk/lanes/gk-cairn-steward/st21.sh	19e8cbccf5825cb91f29fe2d6ea4816f3d0a20da
1789271332	954	gk/lanes/w7-2v-mixed-support/msg-4.txt	4d37946fee9b443c23da2e53236b40272554d8d7
1789271320	11303	gk/lanes/w7-v-cycle-c3/gate-tip4.md	72c1748c7eba06c51c712b80b327d6e3ce00e17d
1789271274	8717	gk/lanes/w7-v-cycle-c3/gate-tip4-orig.md	3cf951c3376e55dd8dfec9e93cba49330a2d9bc4
1789271253	614	gk/lanes/w7-hexagon-closing/msg-2.txt	6e86b424765d081e0e135f617fd773f88f2be367
1789271245	820	gk/lanes/w7-v-cycle-c3/msg-3.txt	78e7957bb873afd5c508cf488d553aaa7a9454c1
1789271235	3731	gk/lanes/gk-cairn-steward/check-21.txt	2e47fa2a205f5c4c3c8184b6b0c0b1c533d63e1e
1789271233	5972	gk/lanes/w7-v-cycle-c3/node-tip4.md	8f47a98d210d651b42fe7ac93ccd1c663d7e7d68
1789271231	9140	gk/lanes/w7-v-cycle-c3/tip5-v-rank-order-char-cycles-are-trivial-plus-regular.md	f4eeef271e61b764fca7481bb57704c1bc7068d4
1789271229	11159	gk/lanes/w7-v-cycle-c3/tip5-thompson-v-ternary-rank-functions-are-augmentation.md	b2a021e3947a85167667b995d12e29fa48a66499
1789271226	5523	gk/lanes/w7-v-cycle-c3/tip5-p-cycle-tree-invariance-cannot-force-order-char-law.md	2c24481a4e1a4120ae0aad37c1fe9bb218221193
1789271222	14641	gk/lanes/w7-v-cycle-c3/tip5-p-cycle-tree-rank-models-and-ternary-gate-2026-09-12.md	acd9ae31a9ce2ab21f62c4ff7ca7f61a01a8a111
1789271163	219	gk/lanes/w3-vf-nonlinear/land21.log	c25ac5e9c12e29db35b35986f1825828340bbac7
1789271154	375	gk/lanes/w3-vf-nonlinear/dry21.log	2cfade8b3c22744e18699ec71cd02f30a0c933ac
1789271067	13909	gk/lanes/w3-vf-linear/vg3-artifact.md	fe0a327bf918ac607794638efaf78ee81364cd17
1789271031	661	gk/lanes/w3-vf-nonlinear/msg-21.txt	0e79155353396439f8de04c26fe43cf9f8b95e60
1789271007	979	gk/lanes/w7-radu-gadget-b4/msg-1.txt	0308387930e72e7798a9620d88fc0039274970f4
1789270977	113	gk/lanes/w7-two-patch-census/i0_close.err	ce3092652f7cd54624ec282a0e3b4a87929333cb
1789270937	9117	gk/lanes/w7-inf-cancellative/inf.md	4983e3393b2790ea5a757b3c61d376b7f526ed67
1789270932	11159	gk/lanes/w7-v-gate-c3/gate-new.md	b2a021e3947a85167667b995d12e29fa48a66499
1789270885	2760	gk/lanes/w7-radu-gadget-b4/route-held.md	e91e286bad7dd64f3e67f2dc3c534e8575551273
1789270885	14641	gk/lanes/w7-v-cycle-c3/art-tip4.md	acd9ae31a9ce2ab21f62c4ff7ca7f61a01a8a111
1789270856	11548	gk/lanes/w7-two-patch-census/__pycache__/level2b.cpython-314.pyc	1009f536ae2fdd136ab950e8ba7be3099c6c3dbc
1789270856	9672	gk/lanes/w7-two-patch-census/__pycache__/i0_dp.cpython-314.pyc	0a444160f36e59e958ca052e55a69e06af419c5a
1789270846	10539	gk/lanes/w7-v-gate-c3/gate.md	5f460ac3e0879adcb5e49e1b19dc7bcec16c5403
1789270818	4524	gk/lanes/w3-vf-nonlinear/mx/full2.md	de6298661a6309140b867c384b9a3409c901e1f1
1789270817	5303	gk/lanes/w3-vf-nonlinear/mx/nonsurj2.md	a7b35d1f28544388bb274e24b9bb5d7faf18e6a2
1789270816	24064	gk/lanes/w3-vf-nonlinear/mx/art2.md	e55570e3774909f6ce8edbc9aef0cde4558ff503
1789270815	1316	gk/lanes/w7-v-gate-c3/msg-1.txt	ec15b8b2d0a32befc440833fb0e1ff065f8603fa
1789270814	978	gk/lanes/w7-hexagon-closing/msg-1.txt	414099fedb1c23073e4eb2e94ad3ccdb90f0e92e
1789270780	8717	gk/lanes/w3-vf-linear/routes33/thompson-v-ternary-rank-functions-are-augmentation.md	3cf951c3376e55dd8dfec9e93cba49330a2d9bc4
1789270780	426	gk/lanes/w3-vf-linear/acks33.txt	f88f344f2d7f63d8a62ce21d41bdeed2aaadec2b
1789270780	9140	gk/lanes/w3-vf-linear/routes33/v-rank-order-char-cycles-are-trivial-plus-regular.md	f4eeef271e61b764fca7481bb57704c1bc7068d4
1789270779	5523	gk/lanes/w3-vf-linear/routes33/p-cycle-tree-invariance-cannot-force-order-char-law.md	2c24481a4e1a4120ae0aad37c1fe9bb218221193
1789270763	190193	gk/lanes/w7-vf-nonlinear/established.txt	0e322bd7d050747680130d87610048e511820372
1789270757	89	gk/lanes/w7-two-patch-census/level2b.err	3feb00b5d94eb42a6dd05d9077abd67f3b7b7a9d
1789270753	380	gk/lanes/w3-vf-nonlinear/mx/ids.txt	ffd7e32a787ce095f717cd29f5453277f55822e0
1789270752	115810	gk/lanes/w3-vf-nonlinear/now-verif.md	758e6fb080051defcf62706eeb8825102c33bc61
1789270746	769	gk/lanes/w3-vf-linear/msg-33.txt	39a28512f387ebb05a820eeaf2feeba6677eb70e
1789270739	9019	gk/lanes/w3-vf-linear/sec33.md	027452959b1fbbeee1af26b466c69ab23406e307
1789270738	774	gk/lanes/w7-v-rank-split/msg-1.txt	e0faeacb31df1b4b06308b1e2de8d74ee2f84413
1789270665	1045	gk/lanes/w7-2v-mixed-support/msg-3.txt	a019da963f76fdc4b5db86723ae3ab560e0106f0
1789270663	1159	gk/lanes/w7-yh-rank-firewall/msg-1.txt	7b6cad8c52f1d852dbb0527c0a6ea33e7defa0fe
1789270637	1332	gk/lanes/w7-marker-nonlinear/msg-1.txt	ca587e7e635ab452860c4c7623233f5e1c871280
1789270616	847	gk/lanes/w7-radu-r4-linear/msg-1.txt	4fe89ee5577620c2ba43d2f7ce6632bcb0c0e688
1789270608	673	gk/lanes/w7-marker-nonlinear/marker-two-linear-data-writes-reduction-proof.md	0f7173f64fcc939117e353b7443a6f8121d94d8b
1789270607	9224	gk/lanes/w7-rokhlin-dichotomy/bernoulli-rokhlin-entropy-maximal-for-every-group.md	9dc2e8387d9c68b7fcda93c92c49aaa372103964
1789270605	1717	gk/lanes/w7-marker-nonlinear/marker-realizations-reduce-to-two-linear-data-writes.md	ff2aca75ec4d97d18db820d53f5956c57d4e32db
1789270599	726	gk/lanes/w7-el3j-presentation/msg-1.txt	af2965c10a75ed3f431e026f6fb55eb0c99a9b9a
1789270599	887	gk/lanes/w7-marker-nonlinear/data-exact-read-ancilla-words-translation-proof.md	7dde992f06d52e48d8e19249ea19c1e7d691717f
1789270597	4769	gk/lanes/w3-vf-linear/c3e-p-cycle-tree-invariance-cannot-force-order-char-law.md	f182b967dfd53751ed75beac89e08d9927ea9236
1789270597	8221	gk/lanes/w3-vf-linear/c3e-thompson-v-ternary-rank-functions-are-augmentation.md	2e05ca36233224cdd1b0d333a68ed870302db36f
1789270597	8823	gk/lanes/w3-vf-linear/c3e-v-rank-order-char-cycles-are-trivial-plus-regular.md	51110db6e2879014d7fd2e89db395fb2d796dd0f
1789270596	6471	gk/lanes/w3-vf-linear/c3e-v-rank-functions-are-trivial-plus-regular-on-cylinder-groups.md	1545640057176962ba7f13ed59ba9a28ce938e81
1789270588	2376	gk/lanes/w7-marker-nonlinear/data-exact-read-ancilla-words-realize-only-translations.md	ad9cee2448ba91049ebceb6fccccc9f8901461b9
1789270551	1307	gk/lanes/w7-rokhlin-dichotomy/msg-1.txt	32122ed5ee4e1a784dec9df5343e54a1401920fb
1789270512	157	gk/lanes/w7-two-patch-census/i0_dp.err	86d0c088a2a099235b1d8f57561e68cfdc107831
1789270446	9380	gk/lanes/w7-two-patch-census/__pycache__/i0_path.cpython-314.pyc	72e3238046052ef423d3761f9ce30a500e8d682d
1789270419	958	gk/lanes/w7-inf-cancellative/msg-1.txt	f8ba4873b30dcf3d966b76fdc62ab500f4e583f0
1789270383	3461	gk/lanes/w3-vf-linear/scan33.txt	c264b100d13941055a899f0e24aed9292e7250bb
1789270358	1029	gk/lanes/w7-escape-set/summand-obstruction-from-four-transvection-defect.md	0aff6a1e6c612c86406d86cccebef1d65ec78240
1789270340	1392	gk/lanes/w7-escape-set/depth-monotone-tensor-cube-defect-proof.md	06b2138eb18c0f696d888e0b4bbce2dd87c0442e
1789270320	1665	gk/lanes/w7-escape-set/four-transvection-symbol-firewall-proof.md	85927ae8374689f15e15be8c301fb81a1411ba35
1789270303	1334	gk/lanes/w7-escape-set/four-transvection-escape-proof.md	384f5613fa835774a7961e29dcc38095b082424c
1789270286	2789	gk/lanes/w7-escape-set/msg-1.txt	7c357cc6c00145d512da0b2745da7c6b0f6f00f3
1789270263	4429	gk/lanes/w7-escape-set/art-5.md	cd3107ee779c5682af9d7f324d5691cc05a903bd
1789270258	9578	gk/lanes/w7-escape-set/art-2.md	77a73e5dd99dcf9c598bdc4734a5f00a7db40f8e
1789270254	1084	gk/lanes/w7-v-cycle-c2/msg-2.txt	02ef5ee495a53e19c387fb6df0622b9bd32f69f0
1789270252	11666	gk/lanes/w7-v-cycle-c2/gate2.md	82732247666ead6b8bd05ddd205ed4411d7f2018
1789270246	8823	gk/lanes/w7-v-cycle-c2/law2.md	51110db6e2879014d7fd2e89db395fb2d796dd0f
1789270233	4955	gk/lanes/w7-k2-unstable/claim-tip.md	5a8142c39cb9b442af6ab52413b7442dd59922f7
1789270230	6471	gk/lanes/w7-v-cycle-c2/node2.md	1545640057176962ba7f13ed59ba9a28ce938e81
1789270213	1134	gk/lanes/w7-k2-unstable/msg-2.txt	23cdea6947c3a576f0bcc9ff4942906526c9c940
1789269979	4164	gk/lanes/w3-vf-nonlinear/mx/full.md	f2b1103298d069a6fe0c6b985c00c7e31d19d408
1789269977	5303	gk/lanes/w3-vf-nonlinear/mx/nonsurj.md	a7b35d1f28544388bb274e24b9bb5d7faf18e6a2
1789269943	633	gk/lanes/w6-wf-stage1-a/msg-3.txt	a0b16c383c5a77115d049e7770846ca7442ccf4e
1789269913	10341	gk/lanes/w7-escape-set/art-1.md	3d8a80df73aa32c4e134697330a3e15f54d0f0e6
1789269907	23455	gk/lanes/w3-vf-nonlinear/mx/art.md	daf5697e23bab18b6b12268efe3fb708eb28ed58
1789269904	351	gk/lanes/w3-vf-nonlinear/watch-baseline.txt	8e73479b4dc1ea041f30d95be593a557070be5ee
1789269893	2017	gk/lanes/w7-escape-set/node-kill-defect.v2.md	8c9b65ebbf6a98bc58894b9baf19f7b4b4dfdc77
1789269890	3771	gk/lanes/w7-escape-set/node-wf-rep.v2.md	ac496d76842cf537dd2f7bf27b9d827bec77ca27
1789269830	3261	gk/lanes/w7-two-patch-census/live-seed-node.md	ccae10aea1465e300975b5a3af6edd2defc87f94
1789269828	5854	gk/lanes/w7-two-patch-census/live-reduction.md	0e05b655f992c7ba44bccfb390171b0e141e4972
1789269771	231	gk/lanes/w3-strategist-gate/land16.log	ee00248e06880feba28b9e1db84bbfbcfeac6644
1789269760	4769	gk/lanes/w3-vf-linear/c3-node.md	f182b967dfd53751ed75beac89e08d9927ea9236
1789269759	14641	gk/lanes/w3-vf-linear/c3-art.md	acd9ae31a9ce2ab21f62c4ff7ca7f61a01a8a111
1789269705	1280569	gk/lanes/w7-el3j-presentation/tree.txt	dace8846da89a18bb57aefd00892e530079576d0
1789269682	1036	gk/lanes/w3-strategist-gate/msg16.txt	43d58963f3068eff90606882fc3780f2b07c8851
1789269577	591	gk/lanes/gk-cairn-steward/cyc20.sh	cb85a69fe79752c438b4f4cd1ef7b5c63a3fe566
1789269557	11545	gk/lanes/w3-vf-linear/routes32/thompson-v-has-no-nontrivial-f2-rank-model.md	0368ea944d19fa3b9f70922e33c0957a031b875c
1789269557	313	gk/lanes/w3-vf-linear/acks32.txt	af24f6ac72a13cb357d318c0242b388b4463be0d
1789269556	8706	gk/lanes/w3-vf-linear/routes32/v-rank-order-char-cycles-are-trivial-plus-regular.md	1be54439e3760cc3ff7437f5f478d2d7efd75a95
1789269556	6395	gk/lanes/w3-vf-linear/routes32/v-rank-functions-are-trivial-plus-regular-on-cylinder-groups.md	90dafefb4a94923392ba0e3bf619720f116253ea
1789269465	392	gk/lanes/w6-wf-stage1-b/msg-2.txt	6bace5c9f09ae700a42c34d0f8c87ef504778616
1789269424	3731	gk/lanes/gk-cairn-steward/check-20.txt	5fe99e5093e3f782f9fb022b7ea2962291a01a15
1789269412	231	gk/lanes/w3-strategist-gate/land15.log	9794a51d63d70173b678e3f570dc044b56dab4ed
1789269393	148318	gk/lanes/w7-two-patch-census/level1_rows.pkl	00edf139fc4357392567746473ac74e0f75cbb03
1789269349	830	gk/lanes/w3-vf-linear/msg-32b.txt	3965fccde1fcc8dda8202ae0a9d28dafd769aef3
1789269341	10418	gk/lanes/w3-vf-linear/sec32.md	49158b163b4e99f440cfedf56f295c6796ba2b55
1789269340	3365	gk/lanes/w7-gamma-b/in/lex-decreasing-units-with-order-preserving-letters-are-amenable.md	994488418b299c417460eedac58013bd8d57b10e
1789269340	19709	gk/lanes/w7-gamma-b/in/leavitt-disjoint-cylinder-defects-strictly-submultiplicative.md	da18a78a6bd5734a00db7d0aa0f7c171596ec52c
1789269340	22036	gk/lanes/w7-gamma-b/in/multiletter-split-borel-and-coefficient-firewalls-2026-09-12.md	71cb22716d1ed6550a7c1b8f6e2389b7032018a6
1789269337	1564	gk/lanes/w3-strategist-gate/msg15.txt	7aee1d325aa367c70020211134eec3d06f235219
1789269285	7078	fsc/node.md	6d0f8237d0f3653a84577a09ac28ad5a5bf5cad4
1789269260	16128	gk/lanes/w7-2v-mixed-support/artifact-landed.md	6a2aaf025c6d25ddba70246fc2e59f007bd2563b
1789269247	692	fsc/msg6.txt	f56fb7fb0f8628283d54a4a95aa19ec0e49fda6d
1789269053	340	gk/lanes/w6-v-extend/msg4.txt	a0c2cdfe32b66d4e6bf7f3206756149891aeb836
1789269051	5916	gk/lanes/w6-v-extend/node.md	98e5495feb7b410d6abea41b426a000b78e03223
1789269033	4098	gk/lanes/w7-wdw-fullness/src/ternary-anti-central-summand-has-no-weakly-finite-image.md	cdfb664fc06c7a928fff857340bd27871ac1d64e
1789269033	6708	gk/lanes/w7-wdw-fullness/src/anti-central-weakly-finite-images-carry-rank-functions.md	bd2fe5a978dabaa05f2b461b41cd82f9997e62e5
1789268996	972	gk/lanes/w7-2v-mixed-support/msg-2.txt	5ae47992a1b8c1c36b099105a5cb3db674d13c4e
1789268946	19709	gk/lanes/w7-sub-multiletter/sub-claim-tip.md	da18a78a6bd5734a00db7d0aa0f7c171596ec52c
1789268940	5852	gk/lanes/w7-v-gate-c3/main/v-rank-functions-are-trivial-plus-regular-on-cylinder-groups.md	0a704e8e7f3714ea921abf2dd282c89542cd85a4
1789268940	11154	gk/lanes/w7-v-gate-c3/main/thompson-v-has-no-nontrivial-f2-rank-model.md	e451c231150d18c1469d5e51f8c849b23598020a
1789268940	4098	gk/lanes/w7-v-gate-c3/main/ternary-anti-central-summand-has-no-weakly-finite-image.md	cdfb664fc06c7a928fff857340bd27871ac1d64e
1789268940	17921	gk/lanes/w7-v-gate-c3/main/thompson-v-rank-functions-regular-on-cylinder-groups-2026-09-12.md	03a2a96383c4451594707b749ec111291067f599
1789268940	8221	gk/lanes/w7-v-gate-c3/main/thompson-v-ternary-rank-functions-are-augmentation.md	2e05ca36233224cdd1b0d333a68ed870302db36f
1789268940	4769	gk/lanes/w7-v-gate-c3/main/p-cycle-tree-invariance-cannot-force-order-char-law.md	f182b967dfd53751ed75beac89e08d9927ea9236
1789268940	14641	gk/lanes/w7-v-gate-c3/main/p-cycle-tree-rank-models-and-ternary-gate-2026-09-12.md	acd9ae31a9ce2ab21f62c4ff7ca7f61a01a8a111
1789268935	22036	gk/lanes/w7-sub-multiletter/multiletter-split-borel-and-coefficient-firewalls-2026-09-12.md	71cb22716d1ed6550a7c1b8f6e2389b7032018a6
1789268765	1058	gk/lanes/w7-matrix-state-deficit/msg-1.txt	d895b5ba4c2e0b1b5ed2e9fdf7832579b2d68995
1789268721	6708	gk/lanes/w7-matrix-state-deficit/anti-central-weakly-finite-images-carry-rank-functions.md	bd2fe5a978dabaa05f2b461b41cd82f9997e62e5
1789268688	10890	gk/lanes/w7-two-patch-census/__pycache__/level2.cpython-314.pyc	98a425255d39ed922e17330da584f1362d2f96e4
1789268662	6660	gk/lanes/w7-sub-multiletter/new-nodes.txt	4b00204a6f5dd0e9af1c7278baf423555b034877
1789268642	8221	gk/lanes/w7-v-cycle-c3/gate.md	2e05ca36233224cdd1b0d333a68ed870302db36f
1789268592	2053	gk/lanes/w7-v-cycle-c3/gate-add.md	4486b3ce024492708096ada991d479809d0f956d
1789268589	5852	gk/lanes/w7-v-cycle-c3/c2node.md	0a704e8e7f3714ea921abf2dd282c89542cd85a4
1789268589	8337	gk/lanes/w7-v-cycle-c3/law.md	a54b656447f48a3e8006da486eff0a9d1a108eae
1789268580	5395	gk/lanes/w7-sub-multiletter/ternary-claim-tip.md	f3c2c5e52bda61323428d94f4c1ed700aaeae159
1789268576	3211	gk/lanes/w7-matrix-state-deficit/tworoot-mat.md	7225a88f9f579a88d11f39d2aa664e70db143249
1789268531	2017	gk/lanes/w7-escape-set/node-kill-defect.md	8c9b65ebbf6a98bc58894b9baf19f7b4b4dfdc77
1789268529	1601	gk/lanes/w7-v-cycle-c3/law-add.md	420928c19830d61e9267ae43431913452e67ae92
1789268528	3771	gk/lanes/w7-escape-set/node-wf-rep.md	ac496d76842cf537dd2f7bf27b9d827bec77ca27
1789268526	3971	gk/lanes/w7-2v-mixed-support/main-now/brin-thompson-2v-nonsurjunctive.md	744637bf399a9b88350611b39178be64c0ed0ed3
1789268525	2358	gk/lanes/w7-2v-mixed-support/main-now/brin-thompson-2v-order-three-averaging-idempotent-is-full.md	98957219e57a732b59129b792c8ead5d189acfac
1789268510	9992	gk/lanes/w7-two-patch-census/__pycache__/census_moves.cpython-314.pyc	35b0ff2b8ea517e7f0d944585ec6f0ed134a021f
1789268501	74223	gk/lanes/w7-coset-shared-prime/main-vfpb.md	16c5d8a48dee008eee2b6d6cc813eaeb0ece61bc
1789268483	5926	gk/lanes/w7-coset-shared-prime/main-finite-normal-subgroups-do-not-affect-surjunctivity.md	48413a34cef6b02850e40f34449a7721e66e3ffa
1789268483	6844	gk/lanes/w7-coset-shared-prime/main-finite-stabilizer-coset-shifts-inherit-surjunctivity.md	e36b1f961447972c776ff0e7bb1007dcf1136477
1789268483	17243	gk/lanes/w7-coset-shared-prime/main-finite-stabilizer-coset-shift-transfer-2026-09-12.md	efe647dc54d105a4e5a1e7ba810557474b38613a
1789268457	4862	gk/lanes/w7-v-cycle-c3/c2node-tip3.md	d4e33791dd061e18f7deff3170197eb01d38318d
1789268454	6168	gk/lanes/w7-v-cycle-c3/gate-tip3.md	d080b2aedf26bfe841e726c481906ab2c61d724c
1789268452	6736	gk/lanes/w7-v-cycle-c3/law-tip3.md	a443d57e88d6be48245b211d620a11eaf96bb501
1789268442	231	gk/lanes/w3-strategist-gate/land14.log	7f5645e46061683c8e5a0cddff041e6e9b04ec1e
1789268403	581	gk/lanes/w7-el3j-sofic/msg-3.txt	60924ae43872a48b36c020a33ef997378e54f803
1789268400	2604	gk/lanes/w7-el3j-sofic/nodeC-main.md	65991c8ae685351bd51617b1931ab06f856daf18
1789268375	17984	gk/lanes/w7-sub-multiletter/sub-claim.md	ffe6ef2185ea15ac3bf79df01284b807ccce0390
1789268363	1991	gk/lanes/w7-sub-multiletter/msg-1.txt	f2bd8b8ed305ab6f214df4b4fb13f509970f607a
1789268353	1064	gk/lanes/w7-sub-multiletter/split-cylinder-data-defect-firewall-proof.md	10ba752011a612575b82c3b22db3273d2da00265
1789268350	966	gk/lanes/w3-strategist-gate/msg14.txt	7b4974430779817e31f1b5f13b8ce5f3222ee1e9
1789268337	1704	gk/lanes/w7-sub-multiletter/lex-decreasing-units-order-preserving-letters-amenability-proof.md	10e58dd66c40c2f50e7643935a76dbbdacb8f554
1789268330	5324	gk/lanes/w7-hexagon-closing/main-binary-complement-corner-has-no-weakly-finite-image.md	97bd653482fe104010f9b74af40c90f476ab87df
1789268330	4955	gk/lanes/w7-hexagon-closing/main-leavitt-unit-groups-have-no-unstable-k2-at-rank-three.md	5a8142c39cb9b442af6ab52413b7442dd59922f7
1789268329	3365	gk/lanes/w7-sub-multiletter/lex-decreasing-units-with-order-preserving-letters-are-amenable.md	994488418b299c417460eedac58013bd8d57b10e
1789268308	7269	gk/lanes/w7-two-patch-census/__pycache__/tp.cpython-314.pyc	ef390ab1cbb5c6c4d615362cfb5a0ab2f8eb6ab2
1789268283	539	fsc/msg5.txt	d45d27763f7827a78fffdce5e83d2c23daa57259
1789268270	231	gk/lanes/w3-strategist-gate/land13.log	af3fbd0a62c31f1e82b8d25e262d445cb61de779
1789268269	11154	gk/lanes/w7-v-rank-split/main/thompson-v-has-no-nontrivial-f2-rank-model.md	e451c231150d18c1469d5e51f8c849b23598020a
1789268269	6736	gk/lanes/w7-v-rank-split/main/v-rank-order-char-cycles-are-trivial-plus-regular.md	a443d57e88d6be48245b211d620a11eaf96bb501
1789268269	4862	gk/lanes/w7-v-rank-split/main/v-rank-functions-are-trivial-plus-regular-on-cylinder-groups.md	d4e33791dd061e18f7deff3170197eb01d38318d
1789268269	17921	gk/lanes/w7-v-rank-split/main/thompson-v-rank-functions-regular-on-cylinder-groups-2026-09-12.md	03a2a96383c4451594707b749ec111291067f599
1789268238	1167	gk/lanes/w3-strategist-gate/msg13.txt	4059a1e2b32ce6cc2d24e1bc1165d995cfdb5b26
1789268222	1453	gk/lanes/w7-v-cycle-c3/msg-2.txt	3683b6c8adc3d3f32d5437f41aaecbda34c1a9b0
1789268217	794	fsc/msg4.txt	42b84b8e5574d37fc7d37a95bae182bcc2ce52da
1789268214	990	gk/lanes/w7-v-cycle-c3/c2node-add.md	7eeaf129b320c27ac6bbba710e3babe516030226
1789268192	4769	gk/lanes/w7-v-cycle-c3/node.md	f182b967dfd53751ed75beac89e08d9927ea9236
1789268115	1551	gk/lanes/w7-rokhlin-dichotomy/main/subshift-track-injections-lower-rokhlin-entropy-proof.md	8f2a5529ac156f93abec3edc51d6ca4368c6e266
1789268115	10788	fsc/art-v3.md	dd36ce3a1521e7976c6eeff1c9f90cdedc53683e
1789268115	2818	gk/lanes/w7-rokhlin-dichotomy/main/rokhlin-window-transport-is-dominated.md	5a4ba3aa2655761c80bfe8c4acd40d780d934d7a
1789268113	1427	gk/lanes/w7-rokhlin-dichotomy/main/maximal-bernoulli-rokhlin-entropy-makes-groups-uqs-proof.md	4c07d7ba4ac73d6ebdab04a1c5d0c5d230f48807
1789268113	7588	gk/lanes/w7-rokhlin-dichotomy/main/leavitt-units-have-zero-rokhlin-entropy-supremum.md	1f204a2bd494f591f6743f21f365dd626badfd7f
1789268113	2248	gk/lanes/w7-rokhlin-dichotomy/main/leavitt-units-are-not-quantitatively-surjunctive.md	f588206df289451dedaa3d5e98dfbadee170536c
1789268113	7460	gk/lanes/w7-rokhlin-dichotomy/main/kun-thom-wreath-bernoulli-rokhlin-maximal.md	e711648859f0901766c005d8dfbfc0911835509f
1789268112	7987	gk/lanes/w7-rokhlin-dichotomy/main/bernoulli-rokhlin-entropy-maximal-for-every-group.md	4110cd6f03189000e69925e7c75ae904ed3fc324
1789268108	5324	gk/lanes/w7-k2-unstable/att-corner.md	97bd653482fe104010f9b74af40c90f476ab87df
1789268108	17131	gk/lanes/w7-k2-unstable/att-disjoint.md	ac79e865a36ce639fcadc85278279b5ca82bffdf
1789268095	953	fsc/msg3.txt	56796b5a3a83d41b5fb7fbc6aaf61aeb16775b53
1789268089	1219	gk/lanes/w7-k2-unstable/entry-corner.md	9f132f1856d66079385eb608baf504bac96c4e4b
1789268086	4955	gk/lanes/w7-k2-unstable/claim-1.md	5a8142c39cb9b442af6ab52413b7442dd59922f7
1789268033	1751	gk/lanes/w3-strategist-gate/r4-monitor3.sh	38bebc631d204798acbe87903701533882d0b93a
1789267955	6455	fsc/art4.md	3c7af43fd9ff8da3711f5c3d9cce7f2b41f0e2fe
1789267934	4862	gk/lanes/w7-v-cycle-c3/c2node-tip.md	d4e33791dd061e18f7deff3170197eb01d38318d
1789267900	6736	gk/lanes/w7-v-cycle-c3/law-tip2.md	a443d57e88d6be48245b211d620a11eaf96bb501
1789267884	700	gk/lanes/w6-v-extend/msg3.txt	fd84007d2158dd76b06ce31a9d85db19952b217c
1789267872	4862	gk/lanes/w7-v-cycle-c2/v-rank-functions-are-trivial-plus-regular-on-cylinder-groups.md	d4e33791dd061e18f7deff3170197eb01d38318d
1789267872	17921	gk/lanes/w7-v-cycle-c2/thompson-v-rank-functions-regular-on-cylinder-groups-2026-09-12.md	03a2a96383c4451594707b749ec111291067f599
1789267849	11154	gk/lanes/w7-v-cycle-c2/gate.md	e451c231150d18c1469d5e51f8c849b23598020a
1789267847	552	gk/lanes/w7-two-patch-census/msg-1.txt	a2a501e871296557f9219e73cd8c94835f2716ce
1789267798	1297	gk/lanes/w7-2v-mixed-support/msg-1.txt	2651868930f87af814bb829bfee3d0ba6dfe1d5a
1789267762	6168	gk/lanes/w7-v-cycle-c3/gate-tip.md	d080b2aedf26bfe841e726c481906ab2c61d724c
1789267761	4952	gk/lanes/w7-v-cycle-c3/law-tip.md	6a7dc9d403bd9f0d0bf3fff074a31b8f5515acf7
1789267744	892	gk/lanes/w6-v-extend/msg2.txt	5bdfe761eb791c4d68a3b8f14020f5e996e09fd4
1789267739	3060	fsc/art3.md	8845931826a2a2067ccf8bf483a7b5a558c9747b
1789267716	6635	gk/lanes/w7-radu-r4-linear/main/radu-bmw-lattice-group-algebra-not-stably-finite.md	ffc546e09a77f856f44d19e2aeace4bc149c3e24
1789267715	1706	gk/lanes/w7-v-cycle-c2/msg-1.txt	8b293f592d14b8d35cd6d71139ca049a9ab3d5e0
1789267707	6736	gk/lanes/w7-v-cycle-c2/law.md	a443d57e88d6be48245b211d620a11eaf96bb501
1789267669	1311	gk/lanes/w7-quant-residue/msg-1.txt	fe4592eadfbca54dcb0595922eb4e3af20fe881d
1789267659	2248	gk/lanes/w7-quant-residue/leavitt-units-are-not-quantitatively-surjunctive.md	f588206df289451dedaa3d5e98dfbadee170536c
1789267654	231	gk/lanes/w3-strategist-gate/land12.log	8d6a84db1377ab75b42cb77acb788264a101bbc0
1789267633	896	gk/lanes/w3-strategist-gate/msg12.txt	c17b7e54c979a1d8ceded1890aeb9c577e3e74fe
1789267625	625	gk/lanes/w3-vf-nonlinear/msg-20.txt	f369b427d4061b378edcabddd079477f7a6ab2ec
1789267622	1427	gk/lanes/w7-quant-residue/maximal-bernoulli-rokhlin-entropy-makes-groups-uqs-proof.md	4c07d7ba4ac73d6ebdab04a1c5d0c5d230f48807
1789267611	1365	gk/lanes/w7-el3j-sofic/msg-2.txt	0f592e2ba42a4ad22ac2a64614ac2f91789d6be1
1789267602	1551	gk/lanes/w7-quant-residue/subshift-track-injections-lower-rokhlin-entropy-proof.md	8f2a5529ac156f93abec3edc51d6ca4368c6e266
1789267582	1553	gk/lanes/w7-el3j-sofic/nodeB-main.md	6dd55fc11a1ee03c83fb5e92dca160c41859c37b
1789267580	2439	gk/lanes/w7-el3j-sofic/nodeA-main.md	b1e26dba742a9688747fe3722989d2fef46b7355
1789267573	3242	gk/lanes/gk-cairn-steward/check-19.txt	0f7e1d3f817e48b0b536bd153cbb3a6834b02581
1789267548	6486	gk/lanes/w7-el3j-sofic/art-s3.md	29a1dca5088a5861e5ab487fe0b94d52b5d03eb7
1789267543	3999	gk/lanes/w7-el3j-sofic/nodeS.md	a095994be12e939a64f446a698dfc835dd37d714
1789267539	553	gk/lanes/w7-marker-ancilla/msg-2.txt	50201502b182d501289282a19e2855f7a5b701de
1789267470	780	gk/lanes/w7-sylv-global/msg-3.txt	e8210223f34e880f5a29702b95c61e546b22d41c
1789267426	879	gk/lanes/w3-vf-nonlinear/mk/route-now.md	0508730c37484004963d58307f34ccded1ae23e4
1789267422	4972	gk/lanes/w7-vh-anchored/nsf-main.md	0de2a743de0e79098a27a19f7625d008a5d9d5f9
1789267420	8279	gk/lanes/w7-vh-anchored/artifact-main.md	0b67f318200803c0d9da9e113a64aad52b889da6
1789267416	880	gk/lanes/w7-vh-anchored/msg-2.txt	9a93e44d0973d9ec5d5c045c0ea1e7206c817eae
1789267408	99593	gk/lanes/w7-sylv-global/vf-b.md	1fa13b261ff0ae10a4a3a6db36929e232e630cf8
1789267406	1191	gk/lanes/w7-v-cycle-c3/msg-1.txt	de1f478b6ebbf066c3ba6b02bdfb74f0ab355013
1789267391	231	gk/lanes/w3-strategist-gate/land11.log	4835a2ed3ed18ab120338dbf1c2377ea999f9ced
1789267383	822	gk/lanes/w3-vf-nonlinear/msg-19.txt	4fda6f4df4316e7cab5b1d88fdf5be0cc7415114
1789267375	6854	gk/lanes/w7-el3j-sofic/art-s456.md	76ec9d8c9c2ce157ccf7cf9d2351dd6d420a2014
1789267371	590	gk/lanes/w3-strategist-gate/msg11.txt	20392914bca01514511fa0056a165853d08df9d9
1789267362	1028	gk/lanes/w7-k2-unstable/msg-1.txt	ec5ad9df374396af1a894a18030182dc9e35de8f
1789267352	1656	gk/lanes/w7-k2-unstable/entry-disjoint.md	d35d884d1f82e7148ac72d4a415278dd38389370
1789267320	6635	gk/lanes/w7-vh-anchored/nsf-node.md	ffc546e09a77f856f44d19e2aeace4bc149c3e24
1789267308	576	fsc/msg2.txt	04771ec0523a58734fe085796b0c4f6001645b73
1789267303	7705	fsc/art-v2.md	a2fbdcf04d6af983ff40aaf982a7e9f3620087f4
1789267249	231	gk/lanes/w3-strategist-gate/land10.log	2fee024bc430b079d02cc76135ec213408e65343
1789267242	5854	gk/lanes/w7-two-patch-census/main-two-patch-ternary-rules-reduce-to-linear-strictness.md	0e05b655f992c7ba44bccfb390171b0e141e4972
1789267242	4229	gk/lanes/w7-two-patch-census/main-unit-case-pair-distinct-two-patch-rules-are-not-injective.md	a6087af9bcb4ada1ec9868364c4d94703b6dbc05
1789267241	3261	gk/lanes/w7-two-patch-census/main-rigid-two-patch-seed-rule-is-never-injective.md	ccae10aea1465e300975b5a3af6edd2defc87f94
1789267215	714	gk/lanes/w3-strategist-gate/msg10.txt	9497427cd6d062f48153a60de09bb7192610f038
1789267192	3435	fsc/art2.md	3cb61b5992e1af7ec5f6744d8c7c4468aff10040
1789267182	10789	gk/lanes/w7-el3j-sofic/artifact.md	18e259cd66c649387252d9c72875464e847ed993
1789267167	1143	gk/lanes/w7-inf-uniform/msg-2.txt	cf5c2d30091e333cd73763a075671802af6dbfa0
1789267158	5932	gk/lanes/w3-vf-nonlinear/mk/residue.md	e11925d439bddfaa3498599053573785fe6cff8b
1789267078	611	fsc/msg1.txt	f97b91bc467ae3a061df0c4a3a6ee9067c3c67c9
1789267076	520	gk/lanes/w6-free-neg-d/msg-4.txt	6720c02ffe87f0a2dda1321b5a52b1689331e9b1
1789267074	4270	fsc/art.md	e63d1be8204c0b4e6d070bff468403b8ab42d9b3
1789267058	10088	gk/lanes/w3-vf-nonlinear/mk/art.md	4b73f86e6521a8191c41854b4f42562868831dc1
1789267057	879	gk/lanes/w3-vf-nonlinear/mk/route.md	0508730c37484004963d58307f34ccded1ae23e4
1789267056	2627	gk/lanes/w3-vf-nonlinear/mk/claim.md	4b3f3cadd1352a89cbb61d6f8cc53fd71c682431
1789267054	619	gk/lanes/w7-vh-anchored/msg-1.txt	a6a98d3771579cea5ef045ddc3de43850dc1b447
1789267045	8279	gk/lanes/w7-vh-anchored/artifact-part1.md	0b67f318200803c0d9da9e113a64aad52b889da6
1789266986	1959	gk/lanes/w7-el3j-sofic/routeC.md	4e7a07c71ba275e0f61af437e92c264a6c79c73a
1789266941	879	gk/lanes/w7-marker-nonlinear/main/linearly-dirty-ancilla-words-affine-proof.md	0508730c37484004963d58307f34ccded1ae23e4
1789266941	2627	gk/lanes/w7-marker-nonlinear/main/linearly-dirty-ancilla-words-realize-only-affine-data-maps.md	4b3f3cadd1352a89cbb61d6f8cc53fd71c682431
1789266941	5932	gk/lanes/w7-marker-nonlinear/main/one-ancilla-marker-residue-is-supported-on-window-overlaps.md	e11925d439bddfaa3498599053573785fe6cff8b
1789266941	14783	gk/lanes/w7-marker-nonlinear/main/injective-binary-automata-are-stably-formalizable.md	42ccbeef3642708e60e49d8c1c10dc0866aa0d51
1789266941	10088	gk/lanes/w7-marker-nonlinear/main/marker-ancilla-linear-dirt-invariant-2026-09-12.md	4b73f86e6521a8191c41854b4f42562868831dc1
1789266931	15318	gk/lanes/w7-2v-mixed-support/tip/artifacts/brin-thompson-2v-gottschalk-host-2026-09-12.md	c27649bd9ba3414284821a576572305d8311517a
1789266871	4229	gk/lanes/w7-two-patch-rigid/node-open.md	a6087af9bcb4ada1ec9868364c4d94703b6dbc05
1789266871	3261	gk/lanes/w7-two-patch-rigid/node-mu3.md	ccae10aea1465e300975b5a3af6edd2defc87f94
1789266849	5854	gk/lanes/w7-two-patch-rigid/two-patch-claim.md	0e05b655f992c7ba44bccfb390171b0e141e4972
1789266815	955	gk/lanes/w7-yh-rank-firewall/main/two-piece-left-inverses-are-corner-left-inverses-proof.md	d13e568d6552fef6bec6c524fd2a3a096a743aa9
1789266815	1819	gk/lanes/w7-yh-rank-firewall/main/finite-dimensional-chart-reps-kill-one-transvection-lift-proof.md	19cecb61cd76fe57e2fc98931f25a293d616aad4
1789266815	3152	gk/lanes/w7-yh-rank-firewall/main/finite-dimensional-chart-reps-kill-one-transvection-lift.md	ef52972fd4460951cdd1bda7c2adc0fef4f67c67
1789266815	4453	gk/lanes/w7-yh-rank-firewall/main/one-transvection-ternary-s0-lift-is-left-invertible.md	41139f0c6df5d8f8f752658d4cde0d701e5b78dc
1789266815	2112	gk/lanes/w7-yh-rank-firewall/main/two-piece-left-inverses-are-corner-left-inverses.md	95d08cf7002dbcf706be4d292ed154cfd680c98d
1789266809	4134	gk/lanes/w7-two-patch-rigid/two-patch-claim-tip.md	6b53b189fa049af848041bffd2f6d05fbeeb5f97
1789266776	1105804	gk/lanes/w7-sub-multiletter/tree2.txt	890bb0652268e93a08e8dd26f4c253541d5daf85
1789266729	5897	gk/lanes/w7-two-patch-rigid/__pycache__/census2.cpython-314.pyc	d1d1afc2e0b02ccea0ee26b60f9d0a77fc25db03
1789266727	2094	gk/lanes/w7-sub-multiletter/lexhits.txt	bb0a6305734c625bd336714c1fb5ca5ba3b9e675
1789266721	5932	gk/lanes/w7-marker-ancilla/residue.md	e11925d439bddfaa3498599053573785fe6cff8b
1789266715	14783	gk/lanes/w7-marker-ancilla/hub.md	42ccbeef3642708e60e49d8c1c10dc0866aa0d51
1789266701	18482	gk/lanes/w7-matrix-state-deficit/sylvglob.md	e2a9d4396ce75ea5a02529de3c16bb146d15064f
1789266685	934904	gk-names.txt	bf590d570188c81151467ee3d57dbde033bc95fd
1789266680	807	gk/lanes/w7-marker-ancilla/msg-1.txt	fa85512c85c62de6ac3d1fb814d3673d70235375
1789266676	879	gk/lanes/w7-marker-ancilla/linearly-dirty-ancilla-words-affine-proof.md	0508730c37484004963d58307f34ccded1ae23e4
1789266672	2627	gk/lanes/w7-marker-ancilla/linearly-dirty-ancilla-words-realize-only-affine-data-maps.md	4b3f3cadd1352a89cbb61d6f8cc53fd71c682431
1789266661	10088	gk/lanes/w7-marker-ancilla/marker-ancilla-linear-dirt-invariant-2026-09-12.md	4b73f86e6521a8191c41854b4f42562868831dc1
1789266624	18936	gk/lanes/w7-matrix-state-deficit/sep.md	0116f471c950481d828f2e74cd78c32842f231a0
1789266616	4453	gk/lanes/w6-wf-stage1-a/open-node.md	41139f0c6df5d8f8f752658d4cde0d701e5b78dc
1789266582	4105	gk/lanes/w7-k2-unstable/tip-binary-complement-corner-has-no-weakly-finite-image.md	b65461a720d4e28dee9ee513f49abc6b36c41ddf
1789266581	15475	gk/lanes/w7-k2-unstable/tip-leavitt-disjoint-cylinder-defects-strictly-submultiplicative.md	542067ed48ce8bc888f6bff1f48b7e525753f960
1789266464	231	gk/lanes/w3-strategist-gate/land9.log	e717a6350867cf988bc0bed0b7ba1914356b6cfd
1789266437	935	gk/lanes/w3-strategist-gate/msg9.txt	80fb8325f635acfaf1c97195692bd0956c07cb26
1789266420	1819	gk/lanes/w6-wf-stage1-a/finite-dimensional-chart-reps-kill-one-transvection-lift-proof.md	19cecb61cd76fe57e2fc98931f25a293d616aad4
1789266411	3152	gk/lanes/w6-wf-stage1-a/finite-dimensional-chart-reps-kill-one-transvection-lift.md	ef52972fd4460951cdd1bda7c2adc0fef4f67c67
1789266398	734	gk/lanes/w7-two-patch-rigid/msg-1.txt	273e6432d68d2fc8ed49ddd8c14ba460f32d3269
1789266381	714	gk/lanes/w3-vf-nonlinear/msg-18.txt	62237b1655a8f87a737bd998247aefaaea9d9dcf
1789266327	1090	gk/lanes/w6-wf-stage1-a/msg-2.txt	6209813b8182a34c1b51a59b32fda1a9550d28b2
1789266321	5332	gk/lanes/w6-wf-stage1-a/art-4.md	2c026592725ab17fd6f52b7121b565f547fb1a28
1789266313	3467	gk/lanes/w6-wf-stage1-a/art-3.md	3e2fd0d8e97f9b62598a09f7a5fbbf37fe85657e
1789266309	6567	gk/lanes/w6-wf-stage1-a/art-2.md	0d7c78320cb994f3fd959181518eb8b70ef08516
1789266303	7612	gk/lanes/w6-wf-stage1-a/art-1.md	ea66446ca9c1c9611c400d5787f075c4d75bfca1
1789266303	16976	gk/lanes/w6-wf-stage1-a/artifact-main.md	ae57cd8e45cd132d8e5757b68b4f770bbd9002cd
1789266292	106638	gk/lanes/w3-vf-nonlinear/fnd/mainver.md	f8662fbedf20d1d50cd946b383424c0095e8e8d7
1789266282	663	gk/lanes/w7-el3j-sofic/msg-1.txt	89162501b24169db90337ede719a8eaef404044e
1789266276	1420	gk/lanes/w7-el3j-sofic/routeB.md	4c26e9091df296a0444fb01e7b054d8722894cec
1789266263	2375	gk/lanes/w7-el3j-sofic/routeA.md	f8891e11a968bc042288cd4bbd4f52c24edad42d
1789266203	18584	gk/lanes/w7-inf-uniform/rokhlin-window-random-order-transport-2026-09-12.md	95a20566853c4947f4ecfae9730167f80998376e
1789266186	2358	gk/lanes/w3-vf-nonlinear/fnd/new-full.md	98957219e57a732b59129b792c8ead5d189acfac
1789266184	3971	gk/lanes/w3-vf-nonlinear/fnd/new-nonsurj.md	744637bf399a9b88350611b39178be64c0ed0ed3
1789266178	15318	gk/lanes/w3-vf-nonlinear/fnd/new-host.md	c27649bd9ba3414284821a576572305d8311517a
1789266163	7987	gk/lanes/w7-inf-uniform/inf.md	4110cd6f03189000e69925e7c75ae904ed3fc324
1789266150	1298	gk/lanes/w7-inf-uniform/msg-1.txt	b268ef368d1bab9e8c2eedd11e2a4308310ea69d
1789266143	827	gk/lanes/w7-inf-uniform/bernoulli-window-folner-ratio-bound-proof.md	e5aafc01fed217e9df61f3eecf9a5330afab4238
1789266143	1634	gk/lanes/w7-inf-uniform/bernoulli-window-codeword-folner-ratio-bound.md	bb4adf34800851a2ce6de9928518f0f36d2b8943
1789266143	730	gk/lanes/w7-inf-uniform/rokhlin-window-domination-from-bernoulli-maximality.md	a1ead8c01b05cd1495f6762bcee5e1540b850039
1789266143	764	gk/lanes/w7-inf-uniform/bernoulli-maximality-via-rokhlin-window-domination.md	5261e070a90d71ea185ae98b1d42c5f546fde7ac
1789266143	2818	gk/lanes/w7-inf-uniform/rokhlin-window-transport-is-dominated.md	5a4ba3aa2655761c80bfe8c4acd40d780d934d7a
1789266143	819	gk/lanes/w7-inf-uniform/rokhlin-window-transport-identity-proof.md	ae0844472152a6d06cbb756b006eb5e35e74eab7
1789266143	1684	gk/lanes/w7-inf-uniform/rokhlin-window-random-order-transport-identity.md	a28c89878f6b302d88c57d5f671f9d04046179d4
1789266110	827	gk/lanes/w6-mismatch-c3/msg-3.txt	dccdfccf3c720632d0477764a926f7946ad3ece2
1789266100	3771	gk/lanes/w6-mismatch-c3/m-target.md	ac496d76842cf537dd2f7bf27b9d827bec77ca27
1789266086	4105	gk/lanes/w7-k2-unstable/main-binary-complement-corner-has-no-weakly-finite-image.md	b65461a720d4e28dee9ee513f49abc6b36c41ddf
1789266085	13653	gk/lanes/w7-k2-unstable/main-leavitt-disjoint-cylinder-defects-strictly-submultiplicative.md	9ff5389a18d35f5c653d956dfdbee18979739d20
1789266033	826	gk/lanes/w7-sylv-global/msg-2.txt	f523160023d4c68e16b95185c0cc417332115cb9
1789265972	672	gk/lanes/w6-free-neg-d/msg-3.txt	80283e4577827cf9a0c3078ba228e908f23b9ec4
1789265954	15475	gk/lanes/w7-sylv-global/wire-leavitt-disjoint-cylinder-defects-strictly-submultiplicative.md	542067ed48ce8bc888f6bff1f48b7e525753f960
1789265947	3971	gk/lanes/w6-free-neg-d/brin-thompson-2v-nonsurjunctive.md	744637bf399a9b88350611b39178be64c0ed0ed3
1789265942	18482	gk/lanes/w7-sylv-global/sylvester-exact-globality-and-kernel-compression-2026-09-12.md	e2a9d4396ce75ea5a02529de3c16bb146d15064f
1789265934	2358	gk/lanes/w7-2v-mixed-support/main/brin-thompson-2v-order-three-averaging-idempotent-is-full.md	98957219e57a732b59129b792c8ead5d189acfac
1789265934	3778	gk/lanes/w7-2v-mixed-support/main/brin-thompson-2v-nonsurjunctive.md	04fa9fa96c29c8f6200949b1b97bf05deeebe7f7
1789265934	15111	gk/lanes/w7-2v-mixed-support/main/artifacts/brin-thompson-2v-gottschalk-host-2026-09-12.md	b2fb713ef43df0cd4f6871deb5786d31daa3cb84
1789265915	231	gk/lanes/w3-strategist-gate/land8.log	61d0415f6d7e61c9d355aae8bf4fef6d2a5f8178
1789265896	2358	gk/lanes/w3-vf-nonlinear/fnd/tmp2.md	98957219e57a732b59129b792c8ead5d189acfac
1789265884	899	gk/lanes/w3-strategist-gate/msg8.txt	7fc6e3308bee9fb787b1c895270ef635bd26a908
1789265858	2337	gk/lanes/w7-sylv-global/orig-sylvester-near-minimal-leavitt-defects-are-multiplicative.md	fa17656bc57369ce679b181a19c445df664256cf
1789265857	2100	gk/lanes/w7-sylv-global/orig-sylvester-leavitt-kazhdan-fixed-ideals-are-global.md	eec2ddcfa316a1aef5e4dd9f40a73caa6aea762a
1789265800	484	gk/lanes/w5-quant-surj/msg-3.txt	d2ebf8468f2c381add8fa28e8ce6e03c02bf75d0
1789265753	609	gk/lanes/w6-v-extend/msg1.txt	c241b3662301aebc24a29d75ad4256dfde1e3caf
1789265748	3242	gk/lanes/gk-cairn-steward/check-18.txt	7711788f70bf73dc8d952c86449f32b5f9085cfe
1789265723	18985	gk/lanes/w5-quant-surj/live-art.md	f2327b05933a281054f1bb87be2aeefe0471cf32
1789265722	2139	gk/lanes/w5-quant-surj/live-claim.md	133887483a798cef807a3db7cf079a4b2ddb48a7
1789265711	1159	gk/lanes/w3-vf-nonlinear/msg-17.txt	b55125eefc47fab9438d2d20586663894e31fb13
1789265706	823	gk/lanes/w6-wf-stage1-b/semidihedral-blocks-not-full-proof.md	9fa51edc910601b1006b26ca1d4363f8ef06a395
1789265706	1724	gk/lanes/w6-wf-stage1-b/semidihedral-anti-central-blocks-are-not-full.md	06238ff1625e226c58801129e34987de8e3542bf
1789265706	1842	gk/lanes/w6-wf-stage1-b/gl2-f3-anti-central-states-forced-proof.md	ba6876465b12abdac170437d43a76e7728cbb90a
1789265706	2864	gk/lanes/w6-wf-stage1-b/gl2-f3-anti-central-states-are-forced-by-semidihedral-blocks.md	d37df32f6b3f63aaeb2eb8879bc166ea38ae2946
1789265703	1258952	gk/lanes/w7-sub-multiletter/tree.txt	f4d8753137bdbb1c503530edd270a0a854244325
1789265670	7194	gk/lanes/w6-wf-stage1-b/artifact-part-b.md	40416b59cecb9d21a1ce11ff942ad535e0ac4d2a
1789265589	733	gk/lanes/w6-free-neg-d/msg-2.txt	93cc0a862640a849e0387884a8e1cbf06be7bf19
1789265572	1119	gk/lanes/w7-sylv-global/msg-1.txt	12dcf4752eda7a5c7f15c67dd22784b9f8bb7ef1
1789265556	3035	gk/lanes/w3-vf-nonlinear/fnd/tmp.md	a4219776b97fd57194d8371f0f182193b09d61c9
1789265547	1831	gk/lanes/w7-sylv-global/sylvester-near-minimal-leavitt-defects-multiplicative-proof.md	b6e3d8b68ffa060c08feffc92c0de3921a3172a1
1789265538	4577	gk/lanes/w7-sylv-global/sylvester-near-minimal-leavitt-defects-are-multiplicative.md	23ea27e2ad79e0dc54b0f287029461f6fa2ced43
1789265520	2152	gk/lanes/w7-sylv-global/sylvester-leavitt-kazhdan-fixed-ideals-global-proof.md	321ca130d4b6bfa03504711e07b59fa64a5eaaec
1789265509	4189	gk/lanes/w7-sylv-global/sylvester-leavitt-kazhdan-fixed-ideals-are-global.md	ce0c657136ed5a6596ea397a12f9b3353ede3645
1789265492	1308	gk/lanes/w7-sylv-global/sylvester-rank-functions-compress-to-commuting-kernels-proof.md	0a9e9b55acd5f590bf62a3b1c1caa3a547e91ea7
1789265485	1685	gk/lanes/w7-sylv-global/sylvester-rank-functions-compress-to-commuting-kernels.md	28de7e7da1b1e2f4ba28a98941faee19268205ab
1789265477	1066	gk/lanes/w7-sylv-global/sylvester-rank-functions-are-submodular-on-stacked-rows-proof.md	7e2b02238d6180530f23dad7da519455e5ac62d7
1789265472	1772	gk/lanes/w7-sylv-global/sylvester-rank-functions-are-submodular-on-stacked-rows.md	a3243be559e2d6905626bdfca98c47ce0e18c1e7
1789265358	833	gk/lanes/w6-wf-stage1-b/msg-1.txt	0f881875fde8814f2627f1572590aa3f41d94053
1789265357	231	gk/lanes/w3-strategist-gate/land7.log	442f67ccb63d0b3c8c59d983f48b8f82af4995f4
1789265355	521	gk/lanes/w3-vf-linear/msg-32.txt	109b5c96e6615b21dd7cc7f459ab37e6282d61b6
1789265341	1144	gk/lanes/w3-strategist-gate/msg7.txt	8cbf7dd3f4017773d7b502f1261eaa04c9476e4f
1789265315	31708	gk/lanes/w7-k2-unstable/read-k2-nodes.txt	00dc74cd66df780352bd8a1b57f135942c1418d1
1789265289	938	gk/lanes/w6-wf-stage1-a/msg-1.txt	0c30989e3fb0d8156c0c782439558c725f8b3c4c
1789265285	2358	gk/lanes/w6-free-neg-d/brin-thompson-2v-order-three-averaging-idempotent-is-full.md	98957219e57a732b59129b792c8ead5d189acfac
1789265273	3590	gk/lanes/w6-wf-stage1-a/one-transvection-ternary-s0-lift-is-left-invertible.md	954e80a18e41d5a693bf561b7761e57b540c1510
1789265221	955	gk/lanes/w6-wf-stage1-a/two-piece-left-inverses-are-corner-left-inverses-proof.md	d13e568d6552fef6bec6c524fd2a3a096a743aa9
1789265215	2112	gk/lanes/w6-wf-stage1-a/two-piece-left-inverses-are-corner-left-inverses.md	95d08cf7002dbcf706be4d292ed154cfd680c98d
1789265208	6256	gk/lanes/w3-vf-nonlinear/fnd/rb-strict-automaton-on-lattice-in-product-of-trees.md	8cac4cf39b27f16965820285ac12816dab2ff011
1789265204	231	gk/lanes/w3-strategist-gate/land6.log	f93e522ca4951fc23933ec0177f1aef97320a37e
1789265203	3035	gk/lanes/w3-vf-nonlinear/fnd/rb-brin-thompson-2v-nonsurjunctive.md	a4219776b97fd57194d8371f0f182193b09d61c9
1789265203	52693	gk/lanes/w3-vf-nonlinear/fnd/goal.md	ede226d7925b2dc0d0ef3feaa1fa1bcf8860c0c9
1789265189	683	gk/lanes/w6-mismatch-c3/land2.log	a67bb610b87a91c83dd6415b3a919c442015658c
1789265188	779	gk/lanes/w3-strategist-gate/msg6.txt	a6365992ad298545460bd12d3dd4b1f93ddcf3e3
1789265185	1085	gk/lanes/w6-mismatch-c3/dry2.log	010e3a1849f872b59ea150ff6c6b79358c125c29
1789265183	17673	gk/lanes/w6-mismatch-c3/art.md	df157d486a2eabb40b37f1c566ec49a7df2e3600
1789265182	1090	gk/lanes/w5-quant-surj/msg-2.txt	a52b0868746b51e058f041f29224d6a6cf9c2744
1789265180	5437	gk/lanes/w5-quant-surj/surjunctive-groups-are-quantitatively-surjunctive.md	92fd69714d3e374ed0518ed04446ce213a97db20
1789265172	7659	gk/lanes/w6-wf-stage1-b/artifact-part-a.md	57726da8b131a5908f93d817623751b664bd568e
1789265162	1145	gk/lanes/w6-mismatch-c3/msg-2.txt	d59f14676eb25e904c84183656eab9392375eb84
1789265160	9019	gk/lanes/w6-mismatch-c3/art-2.md	a14859b63f0137fd7b1561d462e2891c042d65b9
1789265084	733	gk/lanes/w6-mismatch-c3/land1.log	d4ce8917bba8d0b971e008ed9ff84c257bd0966a
1789265064	823	gk/lanes/w6-mismatch-c3/dry1.log	b5a859bb44c5634fff340d23e2c88aea2e2d298e
1789265056	3390	gk/lanes/w6-mismatch-c3/n2.md	8afddb4dfb1af11eda69863492ffa83c8bb359c9
1789265032	1164	gk/lanes/w6-mismatch-c3/r2.md	c038e07c6d130e21e34e94f4d3fbeea9ad221d3c
1789265026	1125	gk/lanes/w6-mismatch-c3/r1.md	1500625a7f8617e2f7ad7ec56424687930f21c4c
1789265025	5209	gk/lanes/w6-upg-separate/u1b-node.md	d48683e8fc9170396982615d34ee0261a3b5e356
1789265024	7957	gk/lanes/w5-quant-surj/sec3-5.md	70c0ba5aef1d9e72c4b0155fe967f072b5911b6a
1789265019	8654	gk/lanes/w6-mismatch-c3/art-1.md	a77fbfa81d395e64d97141eb5e8808b4606b3b78
1789265017	3675	gk/lanes/w6-mismatch-c3/target-wf.md	91136372eb15ec21b107e2668e5e40152eafbb48
1789265011	2836	gk/lanes/w6-mismatch-c3/n1.md	0c8ebb59decf7f283d6fda361156b3e3deff9180
1789265003	637	gk/lanes/w6-upg-separate/msg.txt	8d37206c2b4fa01a10a3fb558ffbf214a1408720
1789264999	5729	gk/lanes/w6-upg-separate/deficit-node.md	2e2361c88ac5313d00c9bcc6b7a9512b8fc1064c
1789264995	1070	gk/lanes/w5-two-patch/msg-4.txt	451ababbaa1209fa10531d2aeb7304c16069c17f
1789264987	825	gk/lanes/w6-upg-separate/route-jordan.md	10feeb2fe175124647ab8e87b2bb4192b5434959
1789264984	4134	gk/lanes/w5-two-patch/main-two-patch-claim.md	6b53b189fa049af848041bffd2f6d05fbeeb5f97
1789264979	231	gk/lanes/w3-strategist-gate/land5.log	dc4dcf0ca925f0bbed65f1023da19589565f4a1e
1789264974	1314	gk/lanes/w6-upg-separate/route-matrix-states.md	bcd696b3ba3ac4ea250129e48cf1164c4eaaae98
1789264963	979	gk/lanes/w3-strategist-gate/msg5.txt	46bac829afaa5d65d3b2a2b68c66cfc08d779f08
1789264955	5904	gk/lanes/w6-upg-separate/art-part2.md	2f85afb1bcc32a681d5bd7520964fd7e6bdf34fd
1789264943	13032	gk/lanes/w6-upg-separate/art-part1.md	b0bd01ebd88b89d37e5ff19e07ac2881eb9675d2
1789264884	678	gk/lanes/w3-vf-nonlinear/fnd/thompson-v-nonsurjunctivity-ascends-to-brin-thompson-2v.md	dff0906ecafe32d18855bdc03e898fd9b536433f
1789264883	52693	gk/lanes/w3-vf-nonlinear/fnd/gottschalk-surjunctivity-conjecture.md	ede226d7925b2dc0d0ef3feaa1fa1bcf8860c0c9
1789264881	2070	gk/lanes/w3-vf-nonlinear/fnd/brin-thompson-2v-order-three-averaging-idempotent-is-full.md	005da7e732adc873abbe361400a94c9a4c61f825
1789264881	3035	gk/lanes/w3-vf-nonlinear/fnd/brin-thompson-2v-nonsurjunctive.md	a4219776b97fd57194d8371f0f182193b09d61c9
1789264880	746	gk/lanes/w3-vf-nonlinear/fnd/brin-thompson-2v-nonsurjunctive-from-averaging-fullness.md	5b26fc8a7bb64a3ec1e61e53f8d12728976df862
1789264879	858	gk/lanes/w3-vf-nonlinear/fnd/brin-thompson-2v-averaging-fullness-ascends-from-v.md	68b82e94d4d9dc99f462d3689c0ce18775a763dc
1789264879	10385	gk/lanes/w3-vf-nonlinear/fnd/brin-thompson-2v-gottschalk-host-2026-09-12.md	9d07e94628e97c490eef1a81b70d8674df83d314
1789264878	427	gk/lanes/w3-vf-nonlinear/fnd/paths.txt	5e097132779b0b6b76aa6eae16eec1113c4f30b3
1789264823	886	gk/lanes/w3-vf-nonlinear/msg-16.txt	251aebfd8a7bb3afbee2e9a3de95fc116e4347c0
1789264810	231	gk/lanes/w3-strategist-gate/land4.log	ed4d3578a8966fe7f403ffe0c2f47d83fbaa5152
1789264791	8928	gk/lanes/w5-v-nonamenable/tmp-orig.md	f69bcc463fc8b3feda71339f353fc60bf5b04149
1789264788	545	gk/lanes/w3-strategist-gate/msg4.txt	718aab6297bce0fd36a9be85ea6b4702b02e4291
1789264773	586	gk/lanes/w6-free-neg-d/msg-1.txt	d9351b533f89224e492df83c4b64c5fb8e334d76
1789264766	1084	gk/lanes/w5-v-nonamenable/msg-4.txt	40d51b9f728f8f51dfa889bf2d0509ac676d0682
1789264760	9064	gk/lanes/w5-v-nonamenable/v2-f2-gate.md	cab5f192b0075baba7dbf7e632f6b03630d05ae5
1789264757	4952	gk/lanes/w5-v-nonamenable/v2-cycles.md	6a7dc9d403bd9f0d0bf3fff074a31b8f5515acf7
1789264753	52693	gk/lanes/w6-free-neg-d/goal.md	ede226d7925b2dc0d0ef3feaa1fa1bcf8860c0c9
1789264751	858	gk/lanes/w6-free-neg-d/brin-thompson-2v-averaging-fullness-ascends-from-v.md	68b82e94d4d9dc99f462d3689c0ce18775a763dc
1789264746	746	gk/lanes/w6-free-neg-d/brin-thompson-2v-nonsurjunctive-from-averaging-fullness.md	5b26fc8a7bb64a3ec1e61e53f8d12728976df862
1789264706	354	gk/lanes/w3-strategist-gate/land3.log	623a36dc471768c28978648dd5687c371720bf49
1789264670	709	gk/lanes/w3-strategist-gate/msg3.txt	357a550f463867bde1c8c954393a2f2b06ab1361
1789264621	678	gk/lanes/w6-free-neg-d/thompson-v-nonsurjunctivity-ascends-to-brin-thompson-2v.md	dff0906ecafe32d18855bdc03e898fd9b536433f
1789264597	88723	gk/lanes/w5-v-nonamenable/vf-art.md	ffd0b5445b871b0d54edd89a8f1336a3a9fc3a5c
1789264584	1402	gk/lanes/w3-strategist-gate/r4-monitor2.sh	917925b903dad64405159cb0c0b7b841888a606c
1789264568	6168	gk/lanes/w5-v-nonamenable/v2-ternary-gate.md	d080b2aedf26bfe841e726c481906ab2c61d724c
1789264520	4105	gk/lanes/w6-mismatch-c2/wf-target.md	b65461a720d4e28dee9ee513f49abc6b36c41ddf
1789264515	13653	gk/lanes/w6-mismatch-c2/sub-target.md	9ff5389a18d35f5c653d956dfdbee18979739d20
1789264512	689	gk/lanes/w6-mismatch-c3/msg-1.txt	3a260566426cd2a07c159a926af23d227a0d6332
1789264508	1072	gk/lanes/w6-mismatch-c3/target-entry.md	b626fd8d166cf1339147494ca9e8bbced3e9b976
1789264508	1901	gk/lanes/w6-mismatch-c2/graphs-of-locally-finite-groups-regular-models-proof.md	568462ba73cf6c7599598c8a9b909831cf6a88b4
1789264497	87501	gk/lanes/w6-free-neg-d/gk-files.txt	9108ce75a04901c77adf75a3529c3ac15c1f5cb0
1789264496	9554	gk/lanes/w6-free-neg-d/brin-files.txt	46cfdb5f6c2d08902c6b8cd6236865a8dba8e6ae
1789264463	5569	gk/lanes/w3-vf-nonlinear/main-marker-stable-formalization-residue-2026-09-12.md	0abde542204db74e41750727e2a36e4053ca90f2
1789264462	4846	gk/lanes/w3-vf-nonlinear/main-one-ancilla-marker-residue-is-supported-on-window-overlaps.md	b7de850e72e3e9a3a9b24ebdc395f16085c0d76a
1789264461	1017	gk/lanes/w3-vf-nonlinear/main-marker-flip-control-disjointness-proof.md	dbb063746dfb5c301037ce1eff2f888a8d6c8a80
1789264459	874	gk/lanes/w3-vf-linear/msg-31.txt	c6a796c7c2d11b6170de94e2be16498474a58fc0
1789264455	386	gk/lanes/w3-vf-linear/acks31.txt	6a497085a661b2695a3e6eebc5da9f7740e7cfab
1789264455	4540	gk/lanes/w3-vf-linear/routes31/v-rank-order-char-cycles-are-trivial-plus-regular.md	2d34d2b02b61df813c999872d8d18a3008637d65
1789264436	88491	gk/lanes/w3-vf-nonlinear/main-w3-vf-nonlinear-verification-2026-09-12.md	3ba2cbd87ca0570d03dc1118978350b874f2f050
1789264436	3807	gk/lanes/w3-vf-nonlinear/main-ternary-two-patch-seed-rule-is-never-injective.md	65f0b2a44a9aa364db3ef6b2991932961587cf03
1789264435	12445	gk/lanes/w3-vf-nonlinear/main-distinct-symbol-patch-collision-2026-09-12.md	fa753f744ad52e7fa71e48e0e434fff3c34f93c5
1789264366	1105	gk/lanes/w5-quant-surj/msg-1.txt	6a59e8c85b6d3813b49daaf73dcf846c6647aed2
1789264361	2531	gk/lanes/w5-quant-surj/products-with-a-sofic-factor-are-surjunctive.md	4121fe361eef67b5677a8cd5a5d7b724b01fd5bf
1789264349	1027	gk/lanes/w6-mismatch-c2/msg-2.txt	d50ce5c8d129f77e5cb7301eea33c3834747a83b
1789264347	1118	gk/lanes/w5-quant-surj/quotient-restriction-deficit-proof.md	1b9e06352fc254653429e56df5946d8e967f8012
1789264332	1123	gk/lanes/w5-quant-surj/fibre-invariant-configurations-via-quotient-restriction.md	db4557342f23921b7c591d4b261dbc52a6324028
1789264328	1201	gk/lanes/w6-wf-construct/v2/msg-2.txt	74b3d7bbf7d94c87cc464878daf88200083f55ab
1789264231	362	gk/lanes/w6-vf-chain/msg3.txt	24706315bfe4c31264fa3ff229724e9ddfcc5327
1789264229	4755	gk/lanes/w6-vf-chain/routes.tsv	b51036037def6a4320643fd4a7edec3f55fb220c
1789264180	463	gk/lanes/gk-cairn-steward/msg-33.txt	b01c38d48abe03f50c9125053c3d9856914069c2
1789264131	1836709	gk/lanes/gk-cairn-steward/FRONTIER-main.md	6b55266ecd6b4b6000b4ecfb0f67eec621456626
1789264130	864	gk/lanes/w5-inf-c/msg4.txt	5673a2265a548fb34054af77f59463b1086c4709
1789264078	231	gk/lanes/w3-strategist-gate/land2.log	47bac56f880f2f5cf30b96a6ef8cfbe3cf2f695c
1789264058	792	gk/lanes/w3-strategist-gate/msg2.txt	d92a66e50057069043678b7db855e19ca2d6b052
1789263980	11049	gk/lanes/w5-inf-c/artifact.live.md	cf4f969af1a4603f65f885e5245377a842c0c2ad
1789263980	12397	gk/lanes/w5-inf-c/bernoulli-rokhlin-maximal-on-fg-simple-kazhdan-groups.live.md	cfaf33e340a86b82cda936beac05c567640d6417
1789263979	1890	gk/lanes/w5-inf-c/self-copy-host-rokhlin-deficits-need-unbounded-windows.live.md	3f54ea955b8c293ebaa6a3a168af1e0991ee32d2
1789263979	1637	gk/lanes/w5-inf-c/bernoulli-witness-information-is-bounded-by-code-reads.live.md	20c5b00470ba1ef215fcc594e1f745dc9902ee31
1789263979	2133	gk/lanes/w5-inf-c/bernoulli-deficit-windows-need-a-non-maximal-difference-subgroup.live.md	cf168e92bd3790ef6029ee79474aeeaf0ce314a1
1789263908	245	gk/lanes/w3-strategist-gate/land1.log	93ffdb9283bca9f570386b527240b0d9fee572e5
1789263904	3115	gk/lanes/gk-cairn-steward/check-17.txt	a95013c07157c078f7a4d5acc273f68e642a293b
1789263891	1085	gk/lanes/w3-strategist-gate/msg1.txt	54e07c9809ae108b4195809510d57630c78e924a
1789263841	624	gk/lanes/w6-vf-chain/msg2.txt	a2e79e113e4ccd79047d54124439e1e62255c3fa
1789263836	7106	gk/lanes/w6-vf-chain/sec234.md	413c8360aa7638160ad22ed9dfd461866f601edd
1789263788	1134	gk/lanes/w3-strategist-gate/r4-monitor.sh	3f1c222a091dffa9f7e7d79ca23504642679bbe8
1789263740	1078	gk/lanes/w5-two-patch/msg-3.txt	b50c1a601c4cba761713fe3950853deeff39370f
1789263718	410	gk/lanes/w6-vf-chain/msg1.txt	5aa61fc92381cfd489378cf46918719e84857e07
1789263714	7197	gk/lanes/w6-vf-chain/gk-vf-chain-verification-2026-09-12.md	4dba81484e93cea2e9e3266ec0f503a7bcd85227
1789263708	8777	gk/lanes/w5-v-nonamenable/f2-orig.md	f01820e75ed5d624f7dda0d9a7c1ea836c040fd8
1789263691	1259	w5-rgr-p/msg.txt	025367457156227e4212ed164dd87263922e24c1
1789263684	790	gk/lanes/w5-v-nonamenable/msg-3.txt	4ead6d85d5ff4eaea094c2a199aab8973e96d08f
1789263679	8928	gk/lanes/w5-v-nonamenable/main-f2-gate.md	f69bcc463fc8b3feda71339f353fc60bf5b04149
1789263675	18714	gk/lanes/w5-v-nonamenable/main-artifact.md	6d62a26f7c6a64a26d15f598d539877fc8b57785
1789263666	3980	gk/lanes/w5-v-nonamenable/main-cycles.md	6b85fb36445554914312fec7860882e4f6a51f16
1789263608	72314	gk/lanes/w6-mismatch-c2/amalg.txt	218d53be6d97d5fd9369b15043c571db1794a3fb
1789263543	644	gk/lanes/gk-cairn-steward/run17.sh	203ab076780a200fa806b15ecf7de9aaf6cb1108
1789263514	539	gk/lanes/w5-inf-c/msg3.txt	15d0b4c9f455b6c7168b9bf92324d81223a0f40e
1789263512	2496	gk/lanes/w5-v-nonamenable/main-charuni.md	e44d2aca3b7238a095476514d2956c2ad5f66618
1789263512	6168	gk/lanes/w5-v-nonamenable/main-ternary-gate.md	d080b2aedf26bfe841e726c481906ab2c61d724c
1789263505	6073	gk/lanes/w5-inf-c/every-group.main.md	db0574774fa269cbc8150b6a38f778e7dbca4996
1789263502	18158	vfw.md	5e72ba7df6b01528c17f46ff3dbcc8fadff38cdf
1789263477	7063	chg.txt	faeca693f513a7f3a454a7d42fd40956d79a31cf
1789263446	426	gk/lanes/w3-vf-nonlinear/msg-15.txt	cc5e713f92fab72b62ecaba3b04d9135fc871ade
1789263436	74485	gk/lanes/w5-sub-fock/vf-gate-tip.md	590d69386637d20c51d7d26f56e2e5f00068feb0
1789263388	11049	gk/lanes/w5-inf-c/artifact.main.md	cf4f969af1a4603f65f885e5245377a842c0c2ad
1789263374	87682	gk/lanes/w3-vf-nonlinear/main-artifact.md	18e4a2feb7829106f9f4b3d22e1fe5d33844a4c8
1789263200	769	gk/lanes/w5-sub-fock/msg1.txt	01641d85ac310efd550056268e8c40413e72357e
1789263200	708	gk/lanes/w5-sub-fock/msg2.txt	e360c68e39477575aaff08999d678a78af4b2f2d
1789263200	2624	gk/lanes/w5-sub-fock/claim-gen.md	2fc3f51dd29372b9ba42173af802a9a6a084fe05
1789263200	2105	gk/lanes/w5-sub-fock/route-sofic.md	5bffcff5e2c7264ec7c2e18c997ae8084b4d0685
1789263200	1252	gk/lanes/w5-sub-fock/route-gen.md	c4b00bbe5ac8990c769d3efa0598b4d9b90fca9c
1789263200	4797	gk/lanes/w5-sub-fock/art3.md	d76d2adbf5cfe704fa15377c1e0c6f59a3d89fe5
1789263200	8782	gk/lanes/w5-sub-fock/art.md	c2ce64eebe5603b7e571aa5f66ead07ac4d4ef48
1789263200	980	gk/lanes/w5-free-pos-c/msg-4.txt	547f93952eefa043753fdab74f4761b9e1eeb0c8
1789263200	1049	gk/lanes/w5-free-pos-c/msg-2.txt	2c2fc3967e4b5de0f7a212f0bbb6ec2192483320
1789263200	766	gk/lanes/w5-free-pos-c/msg-3.txt	f72bd7bf14229b21d2dfdc9e24f4a2dc9d6e2438
1789263200	1116	gk/lanes/w5-free-pos-c/msg-1.txt	118e0cc2dcb37b642cd89c61f2d0f72e2b042496
1789263200	1834	gk/lanes/w5-v-nonamenable/sofic-configuration-v-rank-firewall-proof.md	8b35b1bcab4fc496354306fd1044094f167cda35
1789263200	2496	gk/lanes/w5-v-nonamenable/char-uniform-identities-cannot-force-v-rank-triviality.md	e44d2aca3b7238a095476514d2956c2ad5f66618
1789263200	799	gk/lanes/w5-v-nonamenable/msg-2.txt	3d7ef2909ccbc980bc49ef094506a8a3322dbc3b
1789263200	1674	gk/lanes/w5-v-nonamenable/char-uniform-v-rank-firewall-proof.md	79f9a9bca8644cefdb35ccc5c4e5a38efc81870c
1789263200	3151	gk/lanes/w5-v-nonamenable/v-rank-order-char-cycles-are-trivial-plus-regular.md	1d20c3167d5f30770c4700f7e4a26134a39c32ca
1789263200	723	gk/lanes/w5-v-nonamenable/msg-1.txt	943a7bfcd16f8e4f9a82ab4206ef816c595fd2d1
1789263200	3327	gk/lanes/w5-v-nonamenable/sofic-configurations-cannot-force-v-rank-triviality.md	84e72026255c71fae5d1c96213f545dc242dc368
1789263200	18158	gk/lanes/w5-v-nonamenable/artifact.md	5e72ba7df6b01528c17f46ff3dbcc8fadff38cdf
1789263200	786	gk/lanes/w5-inf-c/msg1.txt	0d660198d1542f7e3c3bf7237eda6a03625dbdc7
1789263200	803	gk/lanes/w5-inf-c/msg2.txt	bdc482cd38ce50be67221863b41617f18744af35
1789263200	1399	gk/lanes/w5-inf-c/self-copy-deficit-unbounded-window-proof.md	c69b262ae606695af6973b8171aa1e4fd2c7bcd3
1789263200	5804	gk/lanes/w5-inf-c/artifact-sec34.md	54d7b6fd9dc4beec5d80c67900c8d17970a892a2
1789263200	1015	gk/lanes/w5-inf-c/bernoulli-witness-read-degree-bound-proof.md	3886a768ea9c1a2f0ea22cd7b949a727fa231c9a
1789263200	5245	gk/lanes/w5-inf-c/artifact.md	7ae6cc938041b7ff8e79f4d4d0b65aa8baac8efe
1789263200	1829	gk/lanes/w5-inf-c/bernoulli-deficit-window-difference-subgroup-proof.md	aef01391add8fb2f35493505f7a246c8c8bffcf5
1789263200	1473	gk/lanes/w5-two-patch/ternary-two-patch-seed-never-injective-proof.md	287a1a3b719448bd473a21670cc2a82e48fecb09
1789263200	843	gk/lanes/w5-two-patch/msg-2.txt	c1e6312a5b181cd7c00ebb5fc7e2df998e1871f2
1789263200	686	gk/lanes/w5-two-patch/msg-1.txt	e10e57096f4f1558ca1f15db58cbc2e30d90d4f0
1789263200	1461	gk/lanes/w6-wf-construct/leavitt-unit-hosts-commutative-matrix-exclusion-proof.md	bd25a8e4a88b9458249f734710b45de7aaa5cc8e
1789263200	1837	gk/lanes/w6-wf-construct/leavitt-unit-hosts-exclude-matrices-over-commutative-rings.md	5cddfc739071cf4d5a8087c2e351593b5ca0b15b
1789263200	2101	gk/lanes/w6-wf-construct/leavitt-unit-hosts-need-nilpotents-of-unbounded-index.md	5e0a71505fbf979d3e0ea45cb6e359f275fa064d
1789263200	891	gk/lanes/w6-wf-construct/msg-1.txt	66f34bf5999e911833360a31651b9b06e1d065b9
1789263200	7626	gk/lanes/w6-wf-construct/artifact.md	c2ffc2b0c35350b129b07dfcfd4e59c1433cb6f1
1789263200	1645	gk/lanes/w6-wf-construct/leavitt-unit-hosts-unbounded-nilpotence-proof.md	7981fdb4b8400de4a439a3bc431b47186e2e7306
1789263200	797	gk/lanes/w3-vf-nonlinear/msg-4.txt	33b578422649a1e2493d538514cf9b522db9c00c
1789263200	707	gk/lanes/w3-vf-nonlinear/msg-5.txt	70f5d52ef541de15d8671a3db036ca7cb3f1109e
1789263200	1195	gk/lanes/w3-vf-nonlinear/msg-7.txt	8a9559d06851324ae35b8f6ef3261a53d2850267
1789263200	850	gk/lanes/w3-vf-nonlinear/msg-6.txt	51ab2c088074a806f176a815fc8e64cafd74b11d
1789263200	976	gk/lanes/w3-vf-nonlinear/msg-2.txt	ec9a20984cda59b6e04b7af6cbdff0d7990534c9
1789263200	832	gk/lanes/w3-vf-nonlinear/msg-3.txt	99003ace7b62e373ffcb33e62cd1370dff94158d
1789263200	760	gk/lanes/w3-vf-nonlinear/msg-1.txt	531e12cba1a4400e3edd9c5816dfc7b904dd3aac
1789263200	854	gk/lanes/w3-vf-nonlinear/msg-14.txt	3eaafb7bb0fb29464d90d38a59661ef20b27b0ec
1789263200	978	gk/lanes/w3-vf-nonlinear/msg-10.txt	7fb78988320e3d4cf5dd214b7b26dfecbf1caf73
1789263200	1093	gk/lanes/w3-vf-nonlinear/msg-11.txt	53b288218bab980f35852507066f444d9b72c682
1789263200	745	gk/lanes/w3-vf-nonlinear/msg-13.txt	a550874f62899772536f8fe0fe821940355e5841
1789263200	1203	gk/lanes/w3-vf-nonlinear/msg-8.txt	17ab0eac3b1668e1cf6084803c2ba2bdcd494caf
1789263200	814	gk/lanes/w3-vf-nonlinear/msg-9.txt	dfa924a5ebb15db3f621007187d196bbffc19dc9
1789263200	939	gk/lanes/w3-vf-nonlinear/msg-12.txt	7bd89a9dfe3098c6fa686ca29c784070f4e34af5
1789263200	840	gk/lanes/w6-mismatch-c2/msg-1.txt	dce7ac76ab2887ece22504527046df73c38d7f55
1789263106	10717	gk/gkland.sh	47d21396d5425e4738e3e6b84236b1fc64011520
1789263025	851	gk/gkshow.sh	8284a9f404779477dc655f0ef5fe273d343b7a70
1789262997	891	rescue/lane/agent-a7cee1b0a6f7f47eb/private/tmp/claude-501/-Users-user-nonsofic-existence/0a930a1d-0cf3-4aa0-b91a-b8bfce7d68c7/scratchpad/gk/lanes/w6-wf-construct/msg-1.txt	66f34bf5999e911833360a31651b9b06e1d065b9
1789262997	1461	rescue/lane/agent-a7cee1b0a6f7f47eb/private/tmp/claude-501/-Users-user-nonsofic-existence/0a930a1d-0cf3-4aa0-b91a-b8bfce7d68c7/scratchpad/gk/lanes/w6-wf-construct/leavitt-unit-hosts-commutative-matrix-exclusion-proof.md	bd25a8e4a88b9458249f734710b45de7aaa5cc8e
1789262997	1837	rescue/lane/agent-a7cee1b0a6f7f47eb/private/tmp/claude-501/-Users-user-nonsofic-existence/0a930a1d-0cf3-4aa0-b91a-b8bfce7d68c7/scratchpad/gk/lanes/w6-wf-construct/leavitt-unit-hosts-exclude-matrices-over-commutative-rings.md	5cddfc739071cf4d5a8087c2e351593b5ca0b15b
1789262997	1645	rescue/lane/agent-a7cee1b0a6f7f47eb/private/tmp/claude-501/-Users-user-nonsofic-existence/0a930a1d-0cf3-4aa0-b91a-b8bfce7d68c7/scratchpad/gk/lanes/w6-wf-construct/leavitt-unit-hosts-unbounded-nilpotence-proof.md	7981fdb4b8400de4a439a3bc431b47186e2e7306
1789262997	2101	rescue/lane/agent-a7cee1b0a6f7f47eb/private/tmp/claude-501/-Users-user-nonsofic-existence/0a930a1d-0cf3-4aa0-b91a-b8bfce7d68c7/scratchpad/gk/lanes/w6-wf-construct/leavitt-unit-hosts-need-nilpotents-of-unbounded-index.md	5e0a71505fbf979d3e0ea45cb6e359f275fa064d
1789262997	7626	rescue/lane/agent-a7cee1b0a6f7f47eb/private/tmp/claude-501/-Users-user-nonsofic-existence/0a930a1d-0cf3-4aa0-b91a-b8bfce7d68c7/scratchpad/gk/lanes/w6-wf-construct/artifact.md	c2ffc2b0c35350b129b07dfcfd4e59c1433cb6f1
1789262997	840	rescue/lane/agent-a08e8a112854e65c0/private/tmp/claude-501/-Users-user-nonsofic-existence/0a930a1d-0cf3-4aa0-b91a-b8bfce7d68c7/scratchpad/gk/lanes/w6-mismatch-c2/msg-1.txt	dce7ac76ab2887ece22504527046df73c38d7f55
1789262997	1828	rescue/lane/agent-a08e8a112854e65c0/private/tmp/claude-501/-Users-user-nonsofic-existence/0a930a1d-0cf3-4aa0-b91a-b8bfce7d68c7/scratchpad/gk/lanes/w6-mismatch-c2/graphs-of-locally-finite-groups-regular-models-proof.md	2894432bd95416e2ab82a4b996085603002805ac
1789262997	3407	rescue/lane/agent-a08e8a112854e65c0/private/tmp/claude-501/-Users-user-nonsofic-existence/0a930a1d-0cf3-4aa0-b91a-b8bfce7d68c7/scratchpad/gk/lanes/w6-mismatch-c2/graphs-of-locally-finite-groups-carry-regular-rank-models.md	5794783f696a2020df2fe938762135fbcf7767e7
1789262997	8826	rescue/lane/agent-a08e8a112854e65c0/private/tmp/claude-501/-Users-user-nonsofic-existence/0a930a1d-0cf3-4aa0-b91a-b8bfce7d68c7/scratchpad/gk/lanes/w6-mismatch-c2/artifact.md	46f87d18d4135663852520d06336b70fac490d96
1789262997	803	rescue/lane/agent-a14980d619f8fb9cc/private/tmp/claude-501/-Users-user-nonsofic-existence/0a930a1d-0cf3-4aa0-b91a-b8bfce7d68c7/scratchpad/gk/lanes/w5-inf-c/msg2.txt	bdc482cd38ce50be67221863b41617f18744af35
1789262997	1399	rescue/lane/agent-a14980d619f8fb9cc/private/tmp/claude-501/-Users-user-nonsofic-existence/0a930a1d-0cf3-4aa0-b91a-b8bfce7d68c7/scratchpad/gk/lanes/w5-inf-c/self-copy-deficit-unbounded-window-proof.md	c69b262ae606695af6973b8171aa1e4fd2c7bcd3
1789262997	1890	rescue/lane/agent-a14980d619f8fb9cc/private/tmp/claude-501/-Users-user-nonsofic-existence/0a930a1d-0cf3-4aa0-b91a-b8bfce7d68c7/scratchpad/gk/lanes/w5-inf-c/self-copy-host-rokhlin-deficits-need-unbounded-windows.md	3f54ea955b8c293ebaa6a3a168af1e0991ee32d2
1789262997	5804	rescue/lane/agent-a14980d619f8fb9cc/private/tmp/claude-501/-Users-user-nonsofic-existence/0a930a1d-0cf3-4aa0-b91a-b8bfce7d68c7/scratchpad/gk/lanes/w5-inf-c/artifact-sec34.md	54d7b6fd9dc4beec5d80c67900c8d17970a892a2
1789262997	786	rescue/lane/agent-a14980d619f8fb9cc/private/tmp/claude-501/-Users-user-nonsofic-existence/0a930a1d-0cf3-4aa0-b91a-b8bfce7d68c7/scratchpad/gk/lanes/w5-inf-c/msg1.txt	0d660198d1542f7e3c3bf7237eda6a03625dbdc7
1789262997	1015	rescue/lane/agent-a14980d619f8fb9cc/private/tmp/claude-501/-Users-user-nonsofic-existence/0a930a1d-0cf3-4aa0-b91a-b8bfce7d68c7/scratchpad/gk/lanes/w5-inf-c/bernoulli-witness-read-degree-bound-proof.md	3886a768ea9c1a2f0ea22cd7b949a727fa231c9a
1789262997	1637	rescue/lane/agent-a14980d619f8fb9cc/private/tmp/claude-501/-Users-user-nonsofic-existence/0a930a1d-0cf3-4aa0-b91a-b8bfce7d68c7/scratchpad/gk/lanes/w5-inf-c/bernoulli-witness-information-is-bounded-by-code-reads.md	20c5b00470ba1ef215fcc594e1f745dc9902ee31
1789262997	1829	rescue/lane/agent-a14980d619f8fb9cc/private/tmp/claude-501/-Users-user-nonsofic-existence/0a930a1d-0cf3-4aa0-b91a-b8bfce7d68c7/scratchpad/gk/lanes/w5-inf-c/bernoulli-deficit-window-difference-subgroup-proof.md	aef01391add8fb2f35493505f7a246c8c8bffcf5
1789262997	2133	rescue/lane/agent-a14980d619f8fb9cc/private/tmp/claude-501/-Users-user-nonsofic-existence/0a930a1d-0cf3-4aa0-b91a-b8bfce7d68c7/scratchpad/gk/lanes/w5-inf-c/bernoulli-deficit-windows-need-a-non-maximal-difference-subgroup.md	cf168e92bd3790ef6029ee79474aeeaf0ce314a1
1789262997	5245	rescue/lane/agent-a14980d619f8fb9cc/private/tmp/claude-501/-Users-user-nonsofic-existence/0a930a1d-0cf3-4aa0-b91a-b8bfce7d68c7/scratchpad/gk/lanes/w5-inf-c/artifact.md	7ae6cc938041b7ff8e79f4d4d0b65aa8baac8efe
1789262997	708	rescue/lane/agent-a68e462fdd54a6433/private/tmp/claude-501/-Users-user-nonsofic-existence/0a930a1d-0cf3-4aa0-b91a-b8bfce7d68c7/scratchpad/gk/lanes/w5-sub-fock/msg2.txt	e360c68e39477575aaff08999d678a78af4b2f2d
1789262997	1252	rescue/lane/agent-a68e462fdd54a6433/private/tmp/claude-501/-Users-user-nonsofic-existence/0a930a1d-0cf3-4aa0-b91a-b8bfce7d68c7/scratchpad/gk/lanes/w5-sub-fock/route-gen.md	c4b00bbe5ac8990c769d3efa0598b4d9b90fca9c
1789262997	2624	rescue/lane/agent-a68e462fdd54a6433/private/tmp/claude-501/-Users-user-nonsofic-existence/0a930a1d-0cf3-4aa0-b91a-b8bfce7d68c7/scratchpad/gk/lanes/w5-sub-fock/claim-gen.md	2fc3f51dd29372b9ba42173af802a9a6a084fe05
1789262997	4797	rescue/lane/agent-a68e462fdd54a6433/private/tmp/claude-501/-Users-user-nonsofic-existence/0a930a1d-0cf3-4aa0-b91a-b8bfce7d68c7/scratchpad/gk/lanes/w5-sub-fock/art3.md	d76d2adbf5cfe704fa15377c1e0c6f59a3d89fe5
1789262997	769	rescue/lane/agent-a68e462fdd54a6433/private/tmp/claude-501/-Users-user-nonsofic-existence/0a930a1d-0cf3-4aa0-b91a-b8bfce7d68c7/scratchpad/gk/lanes/w5-sub-fock/msg1.txt	01641d85ac310efd550056268e8c40413e72357e
1789262997	2105	rescue/lane/agent-a68e462fdd54a6433/private/tmp/claude-501/-Users-user-nonsofic-existence/0a930a1d-0cf3-4aa0-b91a-b8bfce7d68c7/scratchpad/gk/lanes/w5-sub-fock/route-sofic.md	5bffcff5e2c7264ec7c2e18c997ae8084b4d0685
1789262997	8782	rescue/lane/agent-a68e462fdd54a6433/private/tmp/claude-501/-Users-user-nonsofic-existence/0a930a1d-0cf3-4aa0-b91a-b8bfce7d68c7/scratchpad/gk/lanes/w5-sub-fock/art.md	c2ce64eebe5603b7e571aa5f66ead07ac4d4ef48
1789262997	843	rescue/lane/agent-a927561d5e181e62c/private/tmp/claude-501/-Users-user-nonsofic-existence/0a930a1d-0cf3-4aa0-b91a-b8bfce7d68c7/scratchpad/gk/lanes/w5-two-patch/msg-2.txt	c1e6312a5b181cd7c00ebb5fc7e2df998e1871f2
1789262997	686	rescue/lane/agent-a927561d5e181e62c/private/tmp/claude-501/-Users-user-nonsofic-existence/0a930a1d-0cf3-4aa0-b91a-b8bfce7d68c7/scratchpad/gk/lanes/w5-two-patch/msg-1.txt	e10e57096f4f1558ca1f15db58cbc2e30d90d4f0
1789262997	1473	rescue/lane/agent-a927561d5e181e62c/private/tmp/claude-501/-Users-user-nonsofic-existence/0a930a1d-0cf3-4aa0-b91a-b8bfce7d68c7/scratchpad/gk/lanes/w5-two-patch/ternary-two-patch-seed-never-injective-proof.md	287a1a3b719448bd473a21670cc2a82e48fecb09
1789262997	2331	rescue/lane/agent-a927561d5e181e62c/private/tmp/claude-501/-Users-user-nonsofic-existence/0a930a1d-0cf3-4aa0-b91a-b8bfce7d68c7/scratchpad/gk/lanes/w5-two-patch/ternary-two-patch-seed-rule-is-never-injective.md	bcb2acc62cf89ec009cb411b406c4f7db19e011e
1789262997	12805	rescue/lane/agent-a927561d5e181e62c/private/tmp/claude-501/-Users-user-nonsofic-existence/0a930a1d-0cf3-4aa0-b91a-b8bfce7d68c7/scratchpad/gk/lanes/w5-two-patch/two-patch-seed-relation-moves-2026-09-12.md	25e2c89a71ba02462ad40f5a31a8f228394eca36
1789262997	799	rescue/lane/agent-a70dd4a16a095d0d4/private/tmp/claude-501/-Users-user-nonsofic-existence/0a930a1d-0cf3-4aa0-b91a-b8bfce7d68c7/scratchpad/gk/lanes/w5-v-nonamenable/msg-2.txt	3d7ef2909ccbc980bc49ef094506a8a3322dbc3b
1789262997	3151	rescue/lane/agent-a70dd4a16a095d0d4/private/tmp/claude-501/-Users-user-nonsofic-existence/0a930a1d-0cf3-4aa0-b91a-b8bfce7d68c7/scratchpad/gk/lanes/w5-v-nonamenable/v-rank-order-char-cycles-are-trivial-plus-regular.md	1d20c3167d5f30770c4700f7e4a26134a39c32ca
1789262997	1674	rescue/lane/agent-a70dd4a16a095d0d4/private/tmp/claude-501/-Users-user-nonsofic-existence/0a930a1d-0cf3-4aa0-b91a-b8bfce7d68c7/scratchpad/gk/lanes/w5-v-nonamenable/char-uniform-v-rank-firewall-proof.md	79f9a9bca8644cefdb35ccc5c4e5a38efc81870c
1789262997	2496	rescue/lane/agent-a70dd4a16a095d0d4/private/tmp/claude-501/-Users-user-nonsofic-existence/0a930a1d-0cf3-4aa0-b91a-b8bfce7d68c7/scratchpad/gk/lanes/w5-v-nonamenable/char-uniform-identities-cannot-force-v-rank-triviality.md	e44d2aca3b7238a095476514d2956c2ad5f66618
1789262997	723	rescue/lane/agent-a70dd4a16a095d0d4/private/tmp/claude-501/-Users-user-nonsofic-existence/0a930a1d-0cf3-4aa0-b91a-b8bfce7d68c7/scratchpad/gk/lanes/w5-v-nonamenable/msg-1.txt	943a7bfcd16f8e4f9a82ab4206ef816c595fd2d1
1789262997	1834	rescue/lane/agent-a70dd4a16a095d0d4/private/tmp/claude-501/-Users-user-nonsofic-existence/0a930a1d-0cf3-4aa0-b91a-b8bfce7d68c7/scratchpad/gk/lanes/w5-v-nonamenable/sofic-configuration-v-rank-firewall-proof.md	8b35b1bcab4fc496354306fd1044094f167cda35
1789262997	3327	rescue/lane/agent-a70dd4a16a095d0d4/private/tmp/claude-501/-Users-user-nonsofic-existence/0a930a1d-0cf3-4aa0-b91a-b8bfce7d68c7/scratchpad/gk/lanes/w5-v-nonamenable/sofic-configurations-cannot-force-v-rank-triviality.md	84e72026255c71fae5d1c96213f545dc242dc368
1789262997	18158	rescue/lane/agent-a70dd4a16a095d0d4/private/tmp/claude-501/-Users-user-nonsofic-existence/0a930a1d-0cf3-4aa0-b91a-b8bfce7d68c7/scratchpad/gk/lanes/w5-v-nonamenable/artifact.md	5e72ba7df6b01528c17f46ff3dbcc8fadff38cdf
1789262997	3720	rescue/lane/agent-afa7981e1298a5893/tmp/gkw/artifact.md	0d0b35ae67b79f15ee2e0e3e3419573d0ed852bb
1789262997	3636	rescue/lane/agent-afa7981e1298a5893/tmp/gkw/one-ancilla-marker-residue-is-supported-on-window-overlaps.md	73ea4eb8d851fe7c8dd6301d17cd9d7adcc061f7
1789262997	667	rescue/lane/agent-afa7981e1298a5893/tmp/gkw/marker-flip-control-disjointness-proof.md	96fcf5d1ed974fc977cc7afe1425e76985e6bc4f
1789262997	3132	rescue/lane/agent-afa7981e1298a5893/tmp/gkw/marker-flip-cells-avoid-all-marker-control-windows.md	4f087fbb6f8db97a000922c0003336a8e327ebc0
1789262996	980	rescue/lane/agent-abfe827348e029147/private/tmp/claude-501/-Users-user-nonsofic-existence/0a930a1d-0cf3-4aa0-b91a-b8bfce7d68c7/scratchpad/gk/lanes/w5-free-pos-c/msg-4.txt	547f93952eefa043753fdab74f4761b9e1eeb0c8
1789262996	766	rescue/lane/agent-abfe827348e029147/private/tmp/claude-501/-Users-user-nonsofic-existence/0a930a1d-0cf3-4aa0-b91a-b8bfce7d68c7/scratchpad/gk/lanes/w5-free-pos-c/msg-3.txt	f72bd7bf14229b21d2dfdc9e24f4a2dc9d6e2438
1789262996	1049	rescue/lane/agent-abfe827348e029147/private/tmp/claude-501/-Users-user-nonsofic-existence/0a930a1d-0cf3-4aa0-b91a-b8bfce7d68c7/scratchpad/gk/lanes/w5-free-pos-c/msg-2.txt	2c2fc3967e4b5de0f7a212f0bbb6ec2192483320
1789262996	1116	rescue/lane/agent-abfe827348e029147/private/tmp/claude-501/-Users-user-nonsofic-existence/0a930a1d-0cf3-4aa0-b91a-b8bfce7d68c7/scratchpad/gk/lanes/w5-free-pos-c/msg-1.txt	118e0cc2dcb37b642cd89c61f2d0f72e2b042496
1789262996	854	rescue/lane/agent-aec20d47ea302a51a/private/tmp/claude-501/-Users-user-nonsofic-existence/0a930a1d-0cf3-4aa0-b91a-b8bfce7d68c7/scratchpad/gk/lanes/w3-vf-nonlinear/msg-14.txt	3eaafb7bb0fb29464d90d38a59661ef20b27b0ec
1789262996	745	rescue/lane/agent-aec20d47ea302a51a/private/tmp/claude-501/-Users-user-nonsofic-existence/0a930a1d-0cf3-4aa0-b91a-b8bfce7d68c7/scratchpad/gk/lanes/w3-vf-nonlinear/msg-13.txt	a550874f62899772536f8fe0fe821940355e5841
1789262996	939	rescue/lane/agent-aec20d47ea302a51a/private/tmp/claude-501/-Users-user-nonsofic-existence/0a930a1d-0cf3-4aa0-b91a-b8bfce7d68c7/scratchpad/gk/lanes/w3-vf-nonlinear/msg-12.txt	7bd89a9dfe3098c6fa686ca29c784070f4e34af5
1789262996	1093	rescue/lane/agent-aec20d47ea302a51a/private/tmp/claude-501/-Users-user-nonsofic-existence/0a930a1d-0cf3-4aa0-b91a-b8bfce7d68c7/scratchpad/gk/lanes/w3-vf-nonlinear/msg-11.txt	53b288218bab980f35852507066f444d9b72c682
1789262996	978	rescue/lane/agent-aec20d47ea302a51a/private/tmp/claude-501/-Users-user-nonsofic-existence/0a930a1d-0cf3-4aa0-b91a-b8bfce7d68c7/scratchpad/gk/lanes/w3-vf-nonlinear/msg-10.txt	7fb78988320e3d4cf5dd214b7b26dfecbf1caf73
1789262996	814	rescue/lane/agent-aec20d47ea302a51a/private/tmp/claude-501/-Users-user-nonsofic-existence/0a930a1d-0cf3-4aa0-b91a-b8bfce7d68c7/scratchpad/gk/lanes/w3-vf-nonlinear/msg-9.txt	dfa924a5ebb15db3f621007187d196bbffc19dc9
1789262996	1203	rescue/lane/agent-aec20d47ea302a51a/private/tmp/claude-501/-Users-user-nonsofic-existence/0a930a1d-0cf3-4aa0-b91a-b8bfce7d68c7/scratchpad/gk/lanes/w3-vf-nonlinear/msg-8.txt	17ab0eac3b1668e1cf6084803c2ba2bdcd494caf
1789262996	1195	rescue/lane/agent-aec20d47ea302a51a/private/tmp/claude-501/-Users-user-nonsofic-existence/0a930a1d-0cf3-4aa0-b91a-b8bfce7d68c7/scratchpad/gk/lanes/w3-vf-nonlinear/msg-7.txt	8a9559d06851324ae35b8f6ef3261a53d2850267
1789262996	850	rescue/lane/agent-aec20d47ea302a51a/private/tmp/claude-501/-Users-user-nonsofic-existence/0a930a1d-0cf3-4aa0-b91a-b8bfce7d68c7/scratchpad/gk/lanes/w3-vf-nonlinear/msg-6.txt	51ab2c088074a806f176a815fc8e64cafd74b11d
1789262996	707	rescue/lane/agent-aec20d47ea302a51a/private/tmp/claude-501/-Users-user-nonsofic-existence/0a930a1d-0cf3-4aa0-b91a-b8bfce7d68c7/scratchpad/gk/lanes/w3-vf-nonlinear/msg-5.txt	70f5d52ef541de15d8671a3db036ca7cb3f1109e
1789262996	797	rescue/lane/agent-aec20d47ea302a51a/private/tmp/claude-501/-Users-user-nonsofic-existence/0a930a1d-0cf3-4aa0-b91a-b8bfce7d68c7/scratchpad/gk/lanes/w3-vf-nonlinear/msg-4.txt	33b578422649a1e2493d538514cf9b522db9c00c
1789262996	832	rescue/lane/agent-aec20d47ea302a51a/private/tmp/claude-501/-Users-user-nonsofic-existence/0a930a1d-0cf3-4aa0-b91a-b8bfce7d68c7/scratchpad/gk/lanes/w3-vf-nonlinear/msg-3.txt	99003ace7b62e373ffcb33e62cd1370dff94158d
1789262996	976	rescue/lane/agent-aec20d47ea302a51a/private/tmp/claude-501/-Users-user-nonsofic-existence/0a930a1d-0cf3-4aa0-b91a-b8bfce7d68c7/scratchpad/gk/lanes/w3-vf-nonlinear/msg-2.txt	ec9a20984cda59b6e04b7af6cbdff0d7990534c9
1789262996	760	rescue/lane/agent-aec20d47ea302a51a/private/tmp/claude-501/-Users-user-nonsofic-existence/0a930a1d-0cf3-4aa0-b91a-b8bfce7d68c7/scratchpad/gk/lanes/w3-vf-nonlinear/msg-1.txt	531e12cba1a4400e3edd9c5816dfc7b904dd3aac
1789262996	88003	rescue/lane/agent-aec20d47ea302a51a/private/tmp/claude-501/-Users-user-nonsofic-existence/0a930a1d-0cf3-4aa0-b91a-b8bfce7d68c7/scratchpad/gk/lanes/w3-vf-nonlinear/w3-vf-nonlinear-verification-2026-09-12.md	6a9949050a3840013a42bd9a33f91350c377d619
1789262983	10230	rescue/coord/0a930a1d-0cf3-4aa0-b91a-b8bfce7d68c7/private/tmp/claude-501/-Users-user-nonsofic-existence/0a930a1d-0cf3-4aa0-b91a-b8bfce7d68c7/scratchpad/gk/gkland.new.sh	46731f72da580a32fbed354c802915dba9a85fbc
1789262983	25990	rescue/coord/0a930a1d-0cf3-4aa0-b91a-b8bfce7d68c7/private/tmp/claude-501/-Users-user-nonsofic-existence/0a930a1d-0cf3-4aa0-b91a-b8bfce7d68c7/scratchpad/gk/RULES.md	a832ecc4845755d5500ceb4a4b488d23bd96fda0
1789262983	851	rescue/coord/0a930a1d-0cf3-4aa0-b91a-b8bfce7d68c7/private/tmp/claude-501/-Users-user-nonsofic-existence/0a930a1d-0cf3-4aa0-b91a-b8bfce7d68c7/scratchpad/gk/gkshow.sh	8284a9f404779477dc655f0ef5fe273d343b7a70
1789262983	8497	rescue/coord/0a930a1d-0cf3-4aa0-b91a-b8bfce7d68c7/private/tmp/claude-501/-Users-user-nonsofic-existence/0a930a1d-0cf3-4aa0-b91a-b8bfce7d68c7/scratchpad/gk/gkland.sh	1aec4e9e7696fe620a3880f70785f5816ef8c717
1789262973	2263	replay.py	f69d449c46b49539be60a4a0bddb740b470ef56a
1789262898	13403	rescue-paths.txt	15664eebc601c09617fb431d1a5a93c11a8d3959
